cik,fiscal_year,n_ai,n_deployment,n_intent,n_boilerplate,n_governance,share_deployment,share_intent,share_boilerplate
1800,2025,1,0,0,1,0,0.0,0.0,1.0
2488,2018,1,0,0,0,0,0.0,0.0,0.0
2488,2019,2,0,0,1,0,0.0,0.0,0.5
2488,2020,7,0,0,0,0,0.0,0.0,0.0
2488,2021,7,2,1,1,0,0.2857142857142857,0.14285714285714285,0.14285714285714285
2488,2022,5,2,1,0,0,0.4,0.2,0.0
2488,2023,10,4,0,2,0,0.4,0.0,0.2
2488,2024,6,5,0,1,0,0.8333333333333334,0.0,0.16666666666666666
2488,2025,8,6,0,1,0,0.75,0.0,0.125
2969,2024,1,0,0,1,0,0.0,0.0,1.0
2969,2025,2,0,0,2,0,0.0,0.0,1.0
4127,2023,1,0,0,0,0,0.0,0.0,0.0
4127,2024,1,0,0,0,0,0.0,0.0,0.0
4127,2025,1,0,0,0,0,0.0,0.0,0.0
4281,2024,1,0,0,1,0,0.0,0.0,1.0
4281,2025,1,0,0,1,0,0.0,0.0,1.0
4962,2018,3,0,0,3,0,0.0,0.0,1.0
4962,2019,4,0,0,4,0,0.0,0.0,1.0
4962,2020,8,1,0,7,0,0.125,0.0,0.875
4962,2021,6,0,0,5,1,0.0,0.0,0.8333333333333334
4962,2022,6,0,0,5,1,0.0,0.0,0.8333333333333334
4962,2023,12,0,2,7,3,0.0,0.16666666666666666,0.5833333333333334
4962,2024,22,0,1,15,6,0.0,0.045454545454545456,0.6818181818181818
4962,2025,2,1,0,0,1,0.5,0.0,0.0
4977,2023,2,0,0,1,1,0.0,0.0,0.5
4977,2024,2,0,0,1,1,0.0,0.0,0.5
4977,2025,3,0,0,2,1,0.0,0.0,0.6666666666666666
5272,2021,4,0,0,0,4,0.0,0.0,0.0
5272,2022,3,0,0,2,1,0.0,0.0,0.6666666666666666
5272,2023,17,0,0,11,6,0.0,0.0,0.6470588235294118
5272,2024,17,0,2,9,6,0.0,0.11764705882352941,0.5294117647058824
5272,2025,18,0,0,11,7,0.0,0.0,0.6111111111111112
6281,2022,2,0,0,0,0,0.0,0.0,0.0
6281,2023,4,0,0,2,0,0.0,0.0,0.5
6281,2024,3,0,0,1,1,0.0,0.0,0.3333333333333333
6281,2025,7,1,0,1,1,0.14285714285714285,0.0,0.14285714285714285
6951,2019,2,0,0,0,0,0.0,0.0,0.0
6951,2020,2,0,0,0,0,0.0,0.0,0.0
6951,2021,2,0,0,0,0,0.0,0.0,0.0
6951,2022,2,0,0,0,0,0.0,0.0,0.0
6951,2023,8,0,0,4,0,0.0,0.0,0.5
6951,2024,7,0,0,3,0,0.0,0.0,0.42857142857142855
6951,2025,5,0,0,1,0,0.0,0.0,0.2
7084,2024,1,0,0,1,0,0.0,0.0,1.0
7084,2025,3,0,0,3,0,0.0,0.0,1.0
8670,2019,3,3,0,0,0,1.0,0.0,0.0
8670,2020,5,4,0,0,1,0.8,0.0,0.0
8670,2021,9,5,0,2,1,0.5555555555555556,0.0,0.2222222222222222
8670,2022,5,0,1,1,3,0.0,0.2,0.2
8670,2023,23,10,3,3,5,0.43478260869565216,0.13043478260869565,0.13043478260869565
8670,2024,21,3,5,5,6,0.14285714285714285,0.23809523809523808,0.23809523809523808
8670,2025,19,5,3,3,7,0.2631578947368421,0.15789473684210525,0.15789473684210525
8670,2026,9,1,0,3,5,0.1111111111111111,0.0,0.3333333333333333
8818,2023,2,0,0,2,0,0.0,0.0,1.0
8818,2024,1,0,0,1,0,0.0,0.0,1.0
8818,2025,1,0,0,1,0,0.0,0.0,1.0
10456,2023,1,0,0,1,0,0.0,0.0,1.0
10456,2024,12,0,0,7,5,0.0,0.0,0.5833333333333334
10456,2025,10,1,1,5,3,0.1,0.1,0.5
10795,2023,2,2,0,0,0,1.0,0.0,0.0
10795,2024,12,1,1,8,2,0.08333333333333333,0.08333333333333333,0.6666666666666666
10795,2025,3,1,1,0,1,0.3333333333333333,0.3333333333333333,0.0
11544,2023,4,0,0,0,4,0.0,0.0,0.0
11544,2024,9,0,0,5,4,0.0,0.0,0.5555555555555556
11544,2025,9,0,0,5,4,0.0,0.0,0.5555555555555556
12927,2018,2,0,2,0,0,0.0,1.0,0.0
12927,2019,2,0,0,0,0,0.0,0.0,0.0
12927,2023,1,0,0,1,0,0.0,0.0,1.0
12927,2024,1,0,0,1,0,0.0,0.0,1.0
12927,2025,1,0,0,1,0,0.0,0.0,1.0
14272,2024,4,1,0,2,0,0.25,0.0,0.5
14272,2025,8,2,1,4,1,0.25,0.125,0.5
16918,2023,1,0,0,0,0,0.0,0.0,0.0
16918,2024,2,0,0,0,1,0.0,0.0,0.0
16918,2025,2,0,0,2,0,0.0,0.0,1.0
18230,2024,1,0,0,1,0,0.0,0.0,1.0
18230,2025,2,0,0,0,0,0.0,0.0,0.0
19617,2020,3,0,0,2,1,0.0,0.0,0.6666666666666666
19617,2021,2,0,0,1,1,0.0,0.0,0.5
19617,2023,7,0,0,7,0,0.0,0.0,1.0
19617,2024,33,1,0,24,6,0.030303030303030304,0.0,0.7272727272727273
19617,2025,16,1,0,7,6,0.0625,0.0,0.4375
20286,2023,2,0,0,1,1,0.0,0.0,0.5
20286,2024,8,2,1,4,1,0.25,0.125,0.5
20286,2025,7,0,0,6,1,0.0,0.0,0.8571428571428571
21076,2023,3,0,0,3,0,0.0,0.0,1.0
21076,2024,7,0,0,7,0,0.0,0.0,1.0
21076,2025,3,0,0,3,0,0.0,0.0,1.0
21344,2018,1,0,1,0,0,0.0,1.0,0.0
21344,2019,1,0,1,0,0,0.0,1.0,0.0
21344,2020,1,0,1,0,0,0.0,1.0,0.0
21344,2021,1,0,1,0,0,0.0,1.0,0.0
21344,2022,1,0,1,0,0,0.0,1.0,0.0
21344,2023,4,0,1,2,1,0.0,0.25,0.5
21344,2024,5,0,1,3,1,0.0,0.2,0.6
21344,2025,7,0,1,5,0,0.0,0.14285714285714285,0.7142857142857143
21665,2023,6,0,1,5,0,0.0,0.16666666666666666,0.8333333333333334
21665,2024,9,0,2,6,1,0.0,0.2222222222222222,0.6666666666666666
21665,2025,3,0,1,1,0,0.0,0.3333333333333333,0.3333333333333333
24545,2023,4,0,0,4,0,0.0,0.0,1.0
24545,2024,6,0,0,5,1,0.0,0.0,0.8333333333333334
24545,2025,6,0,0,5,1,0.0,0.0,0.8333333333333334
24741,2023,1,0,0,0,0,0.0,0.0,0.0
24741,2024,4,0,0,2,0,0.0,0.0,0.5
24741,2025,6,0,0,4,0,0.0,0.0,0.6666666666666666
26172,2024,6,0,0,6,0,0.0,0.0,1.0
26172,2025,4,0,0,4,0,0.0,0.0,1.0
27419,2023,5,0,0,3,0,0.0,0.0,0.6
27419,2024,8,2,0,4,0,0.25,0.0,0.5
27419,2025,10,2,1,7,0,0.2,0.1,0.7
27904,2025,1,1,0,0,0,1.0,0.0,0.0
29534,2024,10,0,0,8,2,0.0,0.0,0.8
29534,2025,13,0,0,12,1,0.0,0.0,0.9230769230769231
29905,2018,1,1,0,0,0,1.0,0.0,0.0
29905,2020,3,2,0,0,0,0.6666666666666666,0.0,0.0
29905,2021,3,2,0,0,0,0.6666666666666666,0.0,0.0
29905,2022,2,2,0,0,0,1.0,0.0,0.0
29905,2023,4,4,0,0,0,1.0,0.0,0.0
29905,2024,6,3,0,2,0,0.5,0.0,0.3333333333333333
29905,2025,9,3,1,4,0,0.3333333333333333,0.1111111111111111,0.4444444444444444
29989,2023,2,0,0,1,1,0.0,0.0,0.5
29989,2024,2,0,0,1,1,0.0,0.0,0.5
29989,2025,3,0,0,3,0,0.0,0.0,1.0
31462,2020,3,0,0,0,0,0.0,0.0,0.0
31462,2021,3,0,0,0,0,0.0,0.0,0.0
31462,2022,3,0,0,0,0,0.0,0.0,0.0
31462,2023,1,0,0,1,0,0.0,0.0,1.0
31462,2024,4,0,0,4,0,0.0,0.0,1.0
31462,2025,3,0,0,3,0,0.0,0.0,1.0
31791,2025,2,2,0,0,0,1.0,0.0,0.0
32604,2022,1,0,0,0,0,0.0,0.0,0.0
32604,2024,6,0,0,6,0,0.0,0.0,1.0
32604,2025,9,1,0,8,0,0.1111111111111111,0.0,0.8888888888888888
33185,2018,3,3,0,0,0,1.0,0.0,0.0
33185,2019,6,4,0,2,0,0.6666666666666666,0.0,0.3333333333333333
33185,2020,7,4,0,1,2,0.5714285714285714,0.0,0.14285714285714285
33185,2021,6,4,0,1,1,0.6666666666666666,0.0,0.16666666666666666
33185,2022,7,4,0,2,1,0.5714285714285714,0.0,0.2857142857142857
33185,2023,9,4,0,3,2,0.4444444444444444,0.0,0.3333333333333333
33185,2024,14,5,0,7,2,0.35714285714285715,0.0,0.5
33185,2025,30,7,1,14,8,0.23333333333333334,0.03333333333333333,0.4666666666666667
34903,2025,2,0,0,1,1,0.0,0.0,0.5
35527,2023,1,0,0,1,0,0.0,0.0,1.0
35527,2024,5,0,0,5,0,0.0,0.0,1.0
35527,2025,3,1,0,2,0,0.3333333333333333,0.0,0.6666666666666666
36104,2025,1,1,0,0,0,1.0,0.0,0.0
36270,2024,1,0,0,1,0,0.0,0.0,1.0
36270,2025,1,0,0,1,0,0.0,0.0,1.0
37996,2022,4,2,0,0,2,0.5,0.0,0.0
37996,2023,7,0,0,1,6,0.0,0.0,0.14285714285714285
37996,2024,7,0,0,1,6,0.0,0.0,0.14285714285714285
37996,2025,9,0,0,4,5,0.0,0.0,0.4444444444444444
38777,2024,1,0,0,1,0,0.0,0.0,1.0
38777,2025,2,0,0,2,0,0.0,0.0,1.0
40533,2019,3,3,0,0,0,1.0,0.0,0.0
40533,2020,2,0,0,0,0,0.0,0.0,0.0
40533,2021,2,0,0,0,0,0.0,0.0,0.0
40533,2022,1,0,0,0,0,0.0,0.0,0.0
40533,2023,1,1,0,0,0,1.0,0.0,0.0
40533,2024,1,1,0,0,0,1.0,0.0,0.0
40533,2025,1,0,0,0,0,0.0,0.0,0.0
40545,2020,3,3,0,0,0,1.0,0.0,0.0
40545,2021,4,4,0,0,0,1.0,0.0,0.0
40545,2023,5,0,0,5,0,0.0,0.0,1.0
40545,2024,4,0,0,4,0,0.0,0.0,1.0
40545,2025,5,0,0,4,1,0.0,0.0,0.8
40704,2026,4,0,0,4,0,0.0,0.0,1.0
40987,2023,3,0,0,2,1,0.0,0.0,0.6666666666666666
40987,2024,4,0,0,3,0,0.0,0.0,0.75
40987,2025,4,0,0,4,0,0.0,0.0,1.0
45012,2020,1,1,0,0,0,1.0,0.0,0.0
45012,2021,1,1,0,0,0,1.0,0.0,0.0
45012,2022,1,1,0,0,0,1.0,0.0,0.0
45012,2023,1,1,0,0,0,1.0,0.0,0.0
45012,2024,3,1,0,1,0,0.3333333333333333,0.0,0.3333333333333333
45012,2025,8,2,0,4,0,0.25,0.0,0.5
46080,2023,4,0,0,4,0,0.0,0.0,1.0
46080,2024,14,0,2,10,1,0.0,0.14285714285714285,0.7142857142857143
46080,2025,14,0,3,10,1,0.0,0.21428571428571427,0.7142857142857143
47111,2023,2,0,0,0,0,0.0,0.0,0.0
47111,2024,2,0,0,0,0,0.0,0.0,0.0
47111,2025,3,0,0,1,0,0.0,0.0,0.3333333333333333
47217,2023,7,0,0,5,1,0.0,0.0,0.7142857142857143
47217,2024,7,1,1,5,0,0.14285714285714285,0.14285714285714285,0.7142857142857143
47217,2025,9,1,3,5,0,0.1111111111111111,0.3333333333333333,0.5555555555555556
48465,2025,4,0,0,4,0,0.0,0.0,1.0
48898,2023,2,0,0,2,0,0.0,0.0,1.0
48898,2024,3,0,0,3,0,0.0,0.0,1.0
48898,2025,8,0,0,8,0,0.0,0.0,1.0
49071,2024,1,0,0,1,0,0.0,0.0,1.0
49071,2025,1,0,0,1,0,0.0,0.0,1.0
49196,2024,1,0,0,1,0,0.0,0.0,1.0
49196,2025,2,0,0,0,1,0.0,0.0,0.0
49826,2024,4,0,0,3,1,0.0,0.0,0.75
49826,2025,4,0,0,3,1,0.0,0.0,0.75
50863,2018,5,2,1,1,0,0.4,0.2,0.2
50863,2019,8,5,0,2,0,0.625,0.0,0.25
50863,2020,8,5,0,3,0,0.625,0.0,0.375
50863,2021,9,4,0,3,0,0.4444444444444444,0.0,0.3333333333333333
50863,2022,6,2,0,4,0,0.3333333333333333,0.0,0.6666666666666666
50863,2023,3,0,0,3,0,0.0,0.0,1.0
50863,2024,3,0,0,1,0,0.0,0.0,0.3333333333333333
50863,2025,3,2,0,0,0,0.6666666666666666,0.0,0.0
51143,2018,6,5,0,1,0,0.8333333333333334,0.0,0.16666666666666666
51143,2019,12,4,0,8,0,0.3333333333333333,0.0,0.6666666666666666
51143,2020,12,1,0,11,0,0.08333333333333333,0.0,0.9166666666666666
51143,2021,14,3,0,11,0,0.21428571428571427,0.0,0.7857142857142857
51143,2022,14,1,0,11,0,0.07142857142857142,0.0,0.7857142857142857
51143,2023,1,1,0,0,0,1.0,0.0,0.0
51143,2024,1,1,0,0,0,1.0,0.0,0.0
51143,2025,1,1,0,0,0,1.0,0.0,0.0
51253,2023,2,0,0,2,0,0.0,0.0,1.0
51253,2025,2,0,0,2,0,0.0,0.0,1.0
51434,2023,10,0,0,9,1,0.0,0.0,0.9
51434,2024,5,0,0,5,0,0.0,0.0,1.0
51434,2025,4,0,0,3,0,0.0,0.0,0.75
52988,2019,6,6,0,0,0,1.0,0.0,0.0
52988,2020,3,3,0,0,0,1.0,0.0,0.0
52988,2021,2,1,0,0,0,0.5,0.0,0.0
52988,2022,6,6,0,0,0,1.0,0.0,0.0
52988,2023,9,6,0,3,0,0.6666666666666666,0.0,0.3333333333333333
52988,2024,12,6,0,6,0,0.5,0.0,0.5
52988,2025,8,3,0,5,0,0.375,0.0,0.625
55785,2024,2,0,0,2,0,0.0,0.0,1.0
55785,2025,2,0,0,2,0,0.0,0.0,1.0
56873,2024,6,0,0,6,0,0.0,0.0,1.0
56873,2025,9,0,0,9,0,0.0,0.0,1.0
59478,2023,5,0,0,5,0,0.0,0.0,1.0
59478,2024,6,0,0,6,0,0.0,0.0,1.0
59478,2025,5,0,0,5,0,0.0,0.0,1.0
60086,2023,1,0,0,1,0,0.0,0.0,1.0
60086,2024,5,0,0,3,2,0.0,0.0,0.6
60086,2025,5,0,0,3,1,0.0,0.0,0.6
60667,2023,4,0,0,4,0,0.0,0.0,1.0
60667,2024,7,2,0,3,0,0.2857142857142857,0.0,0.42857142857142855
60667,2025,7,2,0,3,0,0.2857142857142857,0.0,0.42857142857142855
62709,2018,1,0,0,1,0,0.0,0.0,1.0
62709,2019,2,0,0,2,0,0.0,0.0,1.0
62709,2020,2,0,0,2,0,0.0,0.0,1.0
62709,2021,2,0,0,2,0,0.0,0.0,1.0
62709,2022,3,0,0,3,0,0.0,0.0,1.0
62709,2023,6,0,0,4,2,0.0,0.0,0.6666666666666666
62709,2024,8,0,0,4,2,0.0,0.0,0.5
62709,2025,8,1,0,4,1,0.125,0.0,0.5
62996,2025,2,0,0,2,0,0.0,0.0,1.0
63754,2023,3,0,0,2,1,0.0,0.0,0.6666666666666666
63754,2024,3,0,0,3,0,0.0,0.0,1.0
63754,2025,5,0,0,4,1,0.0,0.0,0.8
63908,2023,2,0,0,2,0,0.0,0.0,1.0
63908,2024,2,0,0,2,0,0.0,0.0,1.0
63908,2025,2,0,0,2,0,0.0,0.0,1.0
64040,2018,3,2,0,0,0,0.6666666666666666,0.0,0.0
64040,2019,3,3,0,0,0,1.0,0.0,0.0
64040,2020,4,4,0,0,0,1.0,0.0,0.0
64040,2021,2,2,0,0,0,1.0,0.0,0.0
64040,2022,1,0,0,1,0,0.0,0.0,1.0
64040,2023,3,0,0,3,0,0.0,0.0,1.0
64040,2024,8,5,0,3,0,0.625,0.0,0.375
64040,2025,7,3,0,3,1,0.42857142857142855,0.0,0.42857142857142855
64803,2019,1,0,1,0,0,0.0,1.0,0.0
64803,2020,3,2,1,0,0,0.6666666666666666,0.3333333333333333,0.0
64803,2021,3,2,1,0,0,0.6666666666666666,0.3333333333333333,0.0
64803,2022,3,2,1,0,0,0.6666666666666666,0.3333333333333333,0.0
64803,2023,4,3,1,0,0,0.75,0.25,0.0
64803,2024,5,3,1,0,1,0.6,0.2,0.0
64803,2025,5,2,1,1,1,0.4,0.2,0.2
65984,2023,3,0,0,3,0,0.0,0.0,1.0
65984,2024,8,1,0,6,0,0.125,0.0,0.75
65984,2025,9,1,0,7,0,0.1111111111111111,0.0,0.7777777777777778
66740,2018,7,1,0,2,0,0.14285714285714285,0.0,0.2857142857142857
66740,2019,12,4,0,3,0,0.3333333333333333,0.0,0.25
66740,2020,9,4,0,2,0,0.4444444444444444,0.0,0.2222222222222222
66740,2021,4,3,0,1,0,0.75,0.0,0.25
66740,2022,1,0,0,1,0,0.0,0.0,1.0
66740,2023,1,0,0,1,0,0.0,0.0,1.0
66740,2024,4,0,0,4,0,0.0,0.0,1.0
66740,2025,5,0,0,5,0,0.0,0.0,1.0
68505,2018,1,1,0,0,0,1.0,0.0,0.0
68505,2019,5,0,0,1,3,0.0,0.0,0.2
68505,2020,4,3,0,0,1,0.75,0.0,0.0
68505,2021,4,3,0,0,1,0.75,0.0,0.0
68505,2022,2,2,0,0,0,1.0,0.0,0.0
68505,2023,3,2,0,0,1,0.6666666666666666,0.0,0.0
68505,2024,2,2,0,0,0,1.0,0.0,0.0
68505,2025,1,1,0,0,0,1.0,0.0,0.0
70858,2018,4,0,0,4,0,0.0,0.0,1.0
70858,2019,5,0,0,5,0,0.0,0.0,1.0
70858,2020,4,0,0,3,0,0.0,0.0,0.75
70858,2021,4,0,0,4,0,0.0,0.0,1.0
70858,2022,8,0,0,8,0,0.0,0.0,1.0
70858,2023,20,1,0,19,0,0.05,0.0,0.95
70858,2024,22,0,0,22,0,0.0,0.0,1.0
70858,2025,7,0,0,4,3,0.0,0.0,0.5714285714285714
72331,2025,2,0,0,2,0,0.0,0.0,1.0
72741,2024,2,0,0,0,2,0.0,0.0,0.0
72741,2025,4,0,0,2,2,0.0,0.0,0.5
72903,2022,3,0,2,0,0,0.0,0.6666666666666666,0.0
72903,2023,4,0,0,3,0,0.0,0.0,0.75
72903,2024,8,1,0,3,0,0.125,0.0,0.375
72903,2025,2,0,0,2,0,0.0,0.0,1.0
72971,2025,1,0,0,0,0,0.0,0.0,0.0
73124,2019,1,0,0,1,0,0.0,0.0,1.0
73124,2020,1,0,0,1,0,0.0,0.0,1.0
73124,2021,1,0,0,1,0,0.0,0.0,1.0
73124,2022,1,0,0,1,0,0.0,0.0,1.0
73124,2023,2,0,0,2,0,0.0,0.0,1.0
73124,2024,3,1,0,2,0,0.3333333333333333,0.0,0.6666666666666666
73124,2025,7,1,0,4,2,0.14285714285714285,0.0,0.5714285714285714
74208,2024,2,0,0,2,0,0.0,0.0,1.0
74208,2025,4,0,0,4,0,0.0,0.0,1.0
75362,2025,5,1,2,1,0,0.2,0.4,0.2
76334,2024,1,0,0,1,0,0.0,0.0,1.0
76334,2025,1,0,0,1,0,0.0,0.0,1.0
77360,2023,2,0,0,2,0,0.0,0.0,1.0
77360,2024,2,0,0,2,0,0.0,0.0,1.0
77360,2025,7,0,0,7,0,0.0,0.0,1.0
77476,2019,1,0,0,0,0,0.0,0.0,0.0
77476,2021,2,0,1,1,0,0.0,0.5,0.5
77476,2022,2,0,1,1,0,0.0,0.5,0.5
77476,2023,5,1,1,2,1,0.2,0.2,0.4
77476,2024,8,1,0,5,1,0.125,0.0,0.625
77476,2025,13,1,3,7,2,0.07692307692307693,0.23076923076923078,0.5384615384615384
78003,2023,2,0,0,2,0,0.0,0.0,1.0
78003,2024,1,0,0,0,0,0.0,0.0,0.0
78003,2025,2,0,0,2,0,0.0,0.0,1.0
79282,2024,1,0,0,0,1,0.0,0.0,0.0
79282,2025,1,0,0,1,0,0.0,0.0,1.0
79879,2024,1,0,0,1,0,0.0,0.0,1.0
79879,2025,3,0,0,3,0,0.0,0.0,1.0
80424,2024,5,0,0,4,1,0.0,0.0,0.8
80424,2025,6,0,0,6,0,0.0,0.0,1.0
80424,2026,2,0,0,2,0,0.0,0.0,1.0
80661,2021,3,0,0,1,2,0.0,0.0,0.3333333333333333
80661,2022,6,0,0,2,4,0.0,0.0,0.3333333333333333
80661,2023,5,0,0,3,2,0.0,0.0,0.6
80661,2024,5,0,0,3,2,0.0,0.0,0.6
80661,2025,7,0,0,3,4,0.0,0.0,0.42857142857142855
84839,2024,1,0,0,1,0,0.0,0.0,1.0
84839,2025,1,0,0,1,0,0.0,0.0,1.0
86312,2019,1,0,0,1,0,0.0,0.0,1.0
86312,2020,1,0,0,1,0,0.0,0.0,1.0
86312,2021,2,1,0,1,0,0.5,0.0,0.5
86312,2022,4,1,0,1,2,0.25,0.0,0.25
86312,2023,17,1,1,11,4,0.058823529411764705,0.058823529411764705,0.6470588235294118
86312,2024,21,0,1,13,6,0.0,0.047619047619047616,0.6190476190476191
86312,2025,31,0,1,24,5,0.0,0.03225806451612903,0.7741935483870968
87347,2020,1,0,0,1,0,0.0,0.0,1.0
87347,2021,3,1,0,1,0,0.3333333333333333,0.0,0.3333333333333333
87347,2022,6,2,1,1,0,0.3333333333333333,0.16666666666666666,0.16666666666666666
87347,2023,6,1,0,2,0,0.16666666666666666,0.0,0.3333333333333333
87347,2024,4,0,0,1,0,0.0,0.0,0.25
87347,2025,5,4,0,1,0,0.8,0.0,0.2
89800,2024,2,0,0,2,0,0.0,0.0,1.0
89800,2025,1,0,0,1,0,0.0,0.0,1.0
91142,2023,2,0,0,2,0,0.0,0.0,1.0
91142,2024,2,0,0,2,0,0.0,0.0,1.0
91142,2025,2,0,0,2,0,0.0,0.0,1.0
91419,2023,3,0,0,3,0,0.0,0.0,1.0
91419,2024,3,0,0,3,0,0.0,0.0,1.0
91419,2025,7,0,0,6,0,0.0,0.0,0.8571428571428571
91440,2023,1,0,0,1,0,0.0,0.0,1.0
91440,2024,1,0,0,1,0,0.0,0.0,1.0
91440,2025,3,2,0,1,0,0.6666666666666666,0.0,0.3333333333333333
91576,2022,1,0,0,1,0,0.0,0.0,1.0
91576,2023,2,0,0,2,0,0.0,0.0,1.0
91576,2024,3,1,0,2,0,0.3333333333333333,0.0,0.6666666666666666
91576,2025,2,0,0,2,0,0.0,0.0,1.0
92122,2024,2,0,0,1,0,0.0,0.0,0.5
92122,2025,2,0,0,2,0,0.0,0.0,1.0
92230,2023,3,1,0,2,0,0.3333333333333333,0.0,0.6666666666666666
92230,2024,2,0,0,1,0,0.0,0.0,0.5
92230,2025,4,0,0,3,0,0.0,0.0,0.75
92380,2023,1,0,0,0,0,0.0,0.0,0.0
92380,2024,1,0,1,0,0,0.0,1.0,0.0
92380,2025,1,1,0,0,0,1.0,0.0,0.0
93410,2023,3,3,0,0,0,1.0,0.0,0.0
93410,2024,1,0,0,0,1,0.0,0.0,0.0
93410,2025,5,0,0,3,1,0.0,0.0,0.6
93556,2018,1,0,1,0,0,0.0,1.0,0.0
93556,2019,2,0,1,1,0,0.0,0.5,0.5
93556,2020,6,0,2,2,0,0.0,0.3333333333333333,0.3333333333333333
93556,2021,4,0,2,1,0,0.0,0.5,0.25
93556,2023,1,0,0,0,1,0.0,0.0,0.0
93556,2024,3,0,0,2,1,0.0,0.0,0.6666666666666666
93556,2025,8,0,0,6,2,0.0,0.0,0.75
93751,2020,3,0,0,0,3,0.0,0.0,0.0
93751,2021,6,1,0,2,3,0.16666666666666666,0.0,0.3333333333333333
93751,2022,6,1,0,2,3,0.16666666666666666,0.0,0.3333333333333333
93751,2023,21,1,0,17,3,0.047619047619047616,0.0,0.8095238095238095
93751,2024,22,1,1,19,1,0.045454545454545456,0.045454545454545456,0.8636363636363636
93751,2025,34,1,0,30,3,0.029411764705882353,0.0,0.8823529411764706
96021,2023,1,0,0,1,0,0.0,0.0,1.0
96021,2024,8,1,0,7,0,0.125,0.0,0.875
96021,2025,8,1,0,7,0,0.125,0.0,0.875
97210,2021,2,0,0,0,0,0.0,0.0,0.0
97210,2022,2,0,0,0,0,0.0,0.0,0.0
97210,2023,2,0,0,1,0,0.0,0.0,0.5
97210,2024,2,0,0,1,0,0.0,0.0,0.5
97210,2025,12,6,0,2,0,0.5,0.0,0.16666666666666666
97476,2024,1,0,0,1,0,0.0,0.0,1.0
97476,2025,1,0,0,1,0,0.0,0.0,1.0
97745,2023,1,0,0,1,0,0.0,0.0,1.0
97745,2024,5,0,0,5,0,0.0,0.0,1.0
97745,2025,6,1,0,4,1,0.16666666666666666,0.0,0.6666666666666666
100493,2021,2,0,2,0,0,0.0,1.0,0.0
100493,2022,2,2,0,0,0,1.0,0.0,0.0
100493,2023,1,1,0,0,0,1.0,0.0,0.0
100493,2024,1,0,0,1,0,0.0,0.0,1.0
100493,2025,1,0,0,1,0,0.0,0.0,1.0
100517,2023,1,0,0,1,0,0.0,0.0,1.0
100517,2024,1,0,0,1,0,0.0,0.0,1.0
100517,2025,1,0,0,1,0,0.0,0.0,1.0
100885,2024,2,0,0,2,0,0.0,0.0,1.0
100885,2025,2,0,0,2,0,0.0,0.0,1.0
101829,2022,2,2,0,0,0,1.0,0.0,0.0
101829,2023,6,0,2,4,0,0.0,0.3333333333333333,0.6666666666666666
101829,2024,7,1,0,6,0,0.14285714285714285,0.0,0.8571428571428571
101829,2025,8,1,0,7,0,0.125,0.0,0.875
104169,2023,2,0,0,2,0,0.0,0.0,1.0
104169,2024,3,0,1,2,0,0.0,0.3333333333333333,0.6666666666666666
104169,2025,2,0,2,0,0,0.0,1.0,0.0
105634,2023,3,0,0,2,0,0.0,0.0,0.6666666666666666
105634,2024,4,0,0,2,0,0.0,0.0,0.5
105634,2025,3,0,0,2,0,0.0,0.0,0.6666666666666666
106040,2023,1,0,0,0,0,0.0,0.0,0.0
106040,2024,1,0,0,0,0,0.0,0.0,0.0
106040,2025,1,0,0,1,0,0.0,0.0,1.0
106535,2021,1,1,0,0,0,1.0,0.0,0.0
106535,2022,1,1,0,0,0,1.0,0.0,0.0
106535,2023,2,1,0,1,0,0.5,0.0,0.5
106535,2024,2,1,0,1,0,0.5,0.0,0.5
106535,2025,6,1,0,4,0,0.16666666666666666,0.0,0.6666666666666666
107263,2024,1,0,0,1,0,0.0,0.0,1.0
107263,2025,2,0,0,1,0,0.0,0.0,0.5
109198,2024,5,0,0,5,0,0.0,0.0,1.0
109198,2025,4,0,0,4,0,0.0,0.0,1.0
200406,2023,2,0,0,1,1,0.0,0.0,0.5
200406,2024,2,0,0,1,1,0.0,0.0,0.5
200406,2025,2,0,0,1,1,0.0,0.0,0.5
202058,2024,6,1,0,2,0,0.16666666666666666,0.0,0.3333333333333333
202058,2025,2,0,0,2,0,0.0,0.0,1.0
217346,2024,1,0,0,1,0,0.0,0.0,1.0
217346,2025,2,0,0,2,0,0.0,0.0,1.0
277135,2023,1,0,1,0,0,0.0,1.0,0.0
277135,2024,2,0,1,1,0,0.0,0.5,0.5
277135,2025,4,0,2,2,0,0.0,0.5,0.5
277948,2023,1,0,0,1,0,0.0,0.0,1.0
277948,2024,1,0,0,1,0,0.0,0.0,1.0
277948,2025,2,0,0,2,0,0.0,0.0,1.0
310158,2023,1,0,0,1,0,0.0,0.0,1.0
310158,2024,3,2,0,1,0,0.6666666666666666,0.0,0.3333333333333333
310158,2025,4,2,0,2,0,0.5,0.0,0.5
310764,2021,6,4,0,0,0,0.6666666666666666,0.0,0.0
310764,2022,2,1,0,0,0,0.5,0.0,0.0
310764,2023,6,0,0,6,0,0.0,0.0,1.0
310764,2024,20,9,0,8,0,0.45,0.0,0.4
310764,2025,1,1,0,0,0,1.0,0.0,0.0
313616,2018,1,0,0,1,0,0.0,0.0,1.0
313616,2019,1,0,0,1,0,0.0,0.0,1.0
313616,2020,1,0,0,1,0,0.0,0.0,1.0
313616,2021,1,0,0,1,0,0.0,0.0,1.0
313616,2022,1,0,0,1,0,0.0,0.0,1.0
313616,2023,5,0,0,5,0,0.0,0.0,1.0
313616,2024,6,0,0,5,1,0.0,0.0,0.8333333333333334
313616,2025,4,0,0,4,0,0.0,0.0,1.0
313927,2023,2,0,0,2,0,0.0,0.0,1.0
313927,2024,3,0,0,3,0,0.0,0.0,1.0
313927,2025,6,0,0,6,0,0.0,0.0,1.0
315189,2019,3,2,0,0,0,0.6666666666666666,0.0,0.0
315189,2022,4,1,0,0,0,0.25,0.0,0.0
315189,2023,9,2,0,6,0,0.2222222222222222,0.0,0.6666666666666666
315189,2024,14,7,0,6,0,0.5,0.0,0.42857142857142855
315189,2025,34,13,0,19,0,0.38235294117647056,0.0,0.5588235294117647
315293,2023,3,0,0,3,0,0.0,0.0,1.0
315293,2024,7,0,0,4,3,0.0,0.0,0.5714285714285714
315293,2025,15,0,0,11,4,0.0,0.0,0.7333333333333333
316709,2023,2,0,0,2,0,0.0,0.0,1.0
316709,2024,3,0,0,2,1,0.0,0.0,0.6666666666666666
316709,2025,6,0,0,3,1,0.0,0.0,0.5
318154,2023,3,1,0,1,0,0.3333333333333333,0.0,0.3333333333333333
318154,2024,6,1,1,2,2,0.16666666666666666,0.16666666666666666,0.3333333333333333
318154,2025,7,0,1,2,2,0.0,0.14285714285714285,0.2857142857142857
319201,2019,2,0,0,0,0,0.0,0.0,0.0
319201,2020,3,1,0,0,0,0.3333333333333333,0.0,0.0
319201,2021,1,0,0,0,0,0.0,0.0,0.0
319201,2022,1,0,0,1,0,0.0,0.0,1.0
319201,2023,2,0,0,1,0,0.0,0.0,0.5
319201,2024,2,0,0,1,0,0.0,0.0,0.5
319201,2026,2,0,0,2,0,0.0,0.0,1.0
320187,2024,1,0,0,1,0,0.0,0.0,1.0
320187,2025,1,0,0,1,0,0.0,0.0,1.0
320187,2026,1,0,0,1,0,0.0,0.0,1.0
320193,2023,1,0,0,0,1,0.0,0.0,0.0
320193,2024,3,0,0,1,2,0.0,0.0,0.3333333333333333
320193,2025,7,0,0,6,1,0.0,0.0,0.8571428571428571
320335,2024,1,0,0,1,0,0.0,0.0,1.0
320335,2025,2,1,0,1,0,0.5,0.0,0.5
352541,2023,2,0,0,2,0,0.0,0.0,1.0
352541,2024,2,0,0,2,0,0.0,0.0,1.0
352541,2025,2,0,0,2,0,0.0,0.0,1.0
352915,2025,17,4,1,3,0,0.23529411764705882,0.058823529411764705,0.17647058823529413
354190,2018,2,0,0,2,0,0.0,0.0,1.0
354190,2019,3,0,0,3,0,0.0,0.0,1.0
354190,2020,4,0,0,4,0,0.0,0.0,1.0
354190,2021,3,0,0,3,0,0.0,0.0,1.0
354190,2022,3,0,0,3,0,0.0,0.0,1.0
354190,2023,4,0,0,4,0,0.0,0.0,1.0
354190,2024,3,0,0,3,0,0.0,0.0,1.0
354190,2025,5,0,0,3,2,0.0,0.0,0.6
354950,2018,1,1,0,0,0,1.0,0.0,0.0
354950,2023,3,0,0,3,0,0.0,0.0,1.0
354950,2024,4,0,0,4,0,0.0,0.0,1.0
354950,2025,2,1,0,1,0,0.5,0.0,0.5
702165,2024,2,0,0,2,0,0.0,0.0,1.0
702165,2025,2,0,0,2,0,0.0,0.0,1.0
707549,2020,2,0,0,2,0,0.0,0.0,1.0
707549,2021,2,0,0,2,0,0.0,0.0,1.0
707549,2022,2,0,0,2,0,0.0,0.0,1.0
707549,2023,2,0,0,2,0,0.0,0.0,1.0
707549,2024,7,0,0,3,0,0.0,0.0,0.42857142857142855
707549,2025,6,0,0,2,0,0.0,0.0,0.3333333333333333
711404,2024,1,0,0,0,1,0.0,0.0,0.0
713676,2018,2,1,0,0,0,0.5,0.0,0.0
713676,2019,2,1,0,0,0,0.5,0.0,0.0
713676,2020,2,1,0,0,0,0.5,0.0,0.0
713676,2021,2,1,0,0,0,0.5,0.0,0.0
713676,2022,2,1,0,0,0,0.5,0.0,0.0
713676,2023,7,2,0,4,0,0.2857142857142857,0.0,0.5714285714285714
713676,2024,4,2,0,0,0,0.5,0.0,0.0
713676,2025,5,2,0,1,0,0.4,0.0,0.2
715957,2023,2,0,0,2,0,0.0,0.0,1.0
715957,2024,5,0,0,5,0,0.0,0.0,1.0
715957,2025,5,0,0,5,0,0.0,0.0,1.0
719955,2022,1,0,0,1,0,0.0,0.0,1.0
719955,2023,2,2,0,0,0,1.0,0.0,0.0
719955,2024,2,2,0,0,0,1.0,0.0,0.0
719955,2025,5,2,1,2,0,0.4,0.2,0.4
720005,2021,1,0,0,1,0,0.0,0.0,1.0
720005,2022,1,0,0,1,0,0.0,0.0,1.0
720005,2023,1,0,0,1,0,0.0,0.0,1.0
720005,2024,3,0,0,1,2,0.0,0.0,0.3333333333333333
720005,2025,2,0,0,1,1,0.0,0.0,0.5
721371,2024,8,3,0,5,0,0.375,0.0,0.625
721371,2025,4,0,0,4,0,0.0,0.0,1.0
723125,2019,8,1,0,0,0,0.125,0.0,0.0
723125,2020,16,0,0,0,0,0.0,0.0,0.0
723125,2021,11,3,0,0,0,0.2727272727272727,0.0,0.0
723125,2022,5,0,0,0,0,0.0,0.0,0.0
723125,2023,6,2,0,1,0,0.3333333333333333,0.0,0.16666666666666666
723125,2024,6,3,0,0,0,0.5,0.0,0.0
723125,2025,3,0,0,0,0,0.0,0.0,0.0
723254,2024,2,0,0,2,0,0.0,0.0,1.0
723254,2025,2,0,0,2,0,0.0,0.0,1.0
723254,2026,3,1,0,2,0,0.3333333333333333,0.0,0.6666666666666666
723531,2019,2,1,0,1,0,0.5,0.0,0.5
723531,2020,5,0,3,2,0,0.0,0.6,0.4
723531,2021,6,1,2,3,0,0.16666666666666666,0.3333333333333333,0.5
723531,2022,4,0,3,1,0,0.0,0.75,0.25
723531,2023,5,0,4,1,0,0.0,0.8,0.2
723531,2024,7,2,1,2,2,0.2857142857142857,0.14285714285714285,0.2857142857142857
723531,2025,13,1,1,7,2,0.07692307692307693,0.07692307692307693,0.5384615384615384
723531,2026,8,0,0,6,2,0.0,0.0,0.75
726728,2025,3,1,0,2,0,0.3333333333333333,0.0,0.6666666666666666
726958,2025,5,0,0,4,1,0.0,0.0,0.8
728535,2025,2,0,0,2,0,0.0,0.0,1.0
731766,2023,1,0,0,1,0,0.0,0.0,1.0
731766,2024,1,0,0,1,0,0.0,0.0,1.0
731766,2025,1,0,0,1,0,0.0,0.0,1.0
732712,2021,1,0,0,1,0,0.0,0.0,1.0
732712,2022,1,0,0,0,1,0.0,0.0,0.0
732712,2023,2,0,0,2,0,0.0,0.0,1.0
732712,2024,5,0,0,5,0,0.0,0.0,1.0
732712,2025,5,1,0,4,0,0.2,0.0,0.8
732717,2023,4,0,2,2,0,0.0,0.5,0.5
732717,2024,6,0,0,2,0,0.0,0.0,0.3333333333333333
732717,2025,4,0,1,3,0,0.0,0.25,0.75
740260,2023,1,0,0,1,0,0.0,0.0,1.0
740260,2024,1,0,0,1,0,0.0,0.0,1.0
740260,2025,7,2,0,5,0,0.2857142857142857,0.0,0.7142857142857143
745732,2023,1,0,0,1,0,0.0,0.0,1.0
745732,2024,1,0,0,1,0,0.0,0.0,1.0
745732,2025,2,0,0,2,0,0.0,0.0,1.0
746515,2024,1,0,0,0,0,0.0,0.0,0.0
746515,2025,9,0,2,0,0,0.0,0.2222222222222222,0.0
749251,2022,2,0,0,2,0,0.0,0.0,1.0
749251,2023,9,0,0,9,0,0.0,0.0,1.0
749251,2024,11,0,0,9,2,0.0,0.0,0.8181818181818182
749251,2025,13,0,0,11,2,0.0,0.0,0.8461538461538461
753308,2023,1,0,0,1,0,0.0,0.0,1.0
753308,2024,2,0,0,2,0,0.0,0.0,1.0
753308,2025,7,1,1,3,0,0.14285714285714285,0.14285714285714285,0.42857142857142855
759944,2020,2,2,0,0,0,1.0,0.0,0.0
759944,2021,4,3,1,0,0,0.75,0.25,0.0
759944,2022,2,0,2,0,0,0.0,1.0,0.0
759944,2023,2,0,2,0,0,0.0,1.0,0.0
759944,2024,7,2,2,3,0,0.2857142857142857,0.2857142857142857,0.42857142857142855
759944,2025,4,1,0,3,0,0.25,0.0,0.75
764180,2023,4,0,0,3,1,0.0,0.0,0.75
764180,2024,4,0,0,3,1,0.0,0.0,0.75
764180,2025,4,0,0,3,1,0.0,0.0,0.75
764478,2020,2,0,0,0,0,0.0,0.0,0.0
764478,2021,9,1,0,0,0,0.1111111111111111,0.0,0.0
764478,2022,3,3,0,0,0,1.0,0.0,0.0
764478,2023,3,0,0,2,0,0.0,0.0,0.6666666666666666
764478,2024,7,2,2,2,0,0.2857142857142857,0.2857142857142857,0.2857142857142857
764478,2025,2,1,0,1,0,0.5,0.0,0.5
764622,2023,1,0,0,0,1,0.0,0.0,0.0
764622,2024,5,1,0,2,2,0.2,0.0,0.4
764622,2025,4,1,0,1,1,0.25,0.0,0.25
765880,2024,4,0,0,4,0,0.0,0.0,1.0
765880,2025,6,0,0,5,1,0.0,0.0,0.8333333333333334
766704,2021,2,2,0,0,0,1.0,0.0,0.0
766704,2022,2,2,0,0,0,1.0,0.0,0.0
766704,2024,1,0,0,1,0,0.0,0.0,1.0
766704,2025,3,0,0,3,0,0.0,0.0,1.0
769397,2020,5,3,0,2,0,0.6,0.0,0.4
769397,2021,7,4,0,3,0,0.5714285714285714,0.0,0.42857142857142855
769397,2022,5,2,0,3,0,0.4,0.0,0.6
769397,2023,9,2,0,4,0,0.2222222222222222,0.0,0.4444444444444444
769397,2024,15,3,6,6,0,0.2,0.4,0.4
769397,2025,18,3,5,9,1,0.16666666666666666,0.2777777777777778,0.5
773840,2022,1,1,0,0,0,1.0,0.0,0.0
773840,2023,4,0,0,4,0,0.0,0.0,1.0
773840,2024,11,5,0,6,0,0.45454545454545453,0.0,0.5454545454545454
773840,2025,13,4,0,8,1,0.3076923076923077,0.0,0.6153846153846154
779152,2022,1,0,0,1,0,0.0,0.0,1.0
779152,2023,5,2,0,1,0,0.4,0.0,0.2
779152,2024,9,2,0,5,0,0.2222222222222222,0.0,0.5555555555555556
779152,2025,9,2,0,5,0,0.2222222222222222,0.0,0.5555555555555556
783325,2024,1,0,0,0,0,0.0,0.0,0.0
783325,2025,2,0,0,1,0,0.0,0.0,0.5
788784,2023,2,0,0,1,0,0.0,0.0,0.5
788784,2024,2,0,0,1,0,0.0,0.0,0.5
788784,2025,9,0,0,4,4,0.0,0.0,0.4444444444444444
789019,2019,6,4,1,0,0,0.6666666666666666,0.16666666666666666,0.0
789019,2020,7,4,2,0,0,0.5714285714285714,0.2857142857142857,0.0
789019,2021,6,3,2,0,0,0.5,0.3333333333333333,0.0
789019,2022,7,5,2,0,0,0.7142857142857143,0.2857142857142857,0.0
789019,2023,9,6,2,0,0,0.6666666666666666,0.2222222222222222,0.0
789019,2024,11,4,3,2,0,0.36363636363636365,0.2727272727272727,0.18181818181818182
789019,2025,14,5,3,6,0,0.35714285714285715,0.21428571428571427,0.42857142857142855
789019,2026,15,3,1,11,0,0.2,0.06666666666666667,0.7333333333333333
789570,2024,2,1,0,1,0,0.5,0.0,0.5
789570,2025,2,1,0,1,0,0.5,0.0,0.5
796343,2018,8,6,1,1,0,0.75,0.125,0.125
796343,2019,16,13,2,1,0,0.8125,0.125,0.0625
796343,2020,16,14,0,2,0,0.875,0.0,0.125
796343,2021,9,7,0,2,0,0.7777777777777778,0.0,0.2222222222222222
796343,2022,13,8,1,2,0,0.6153846153846154,0.07692307692307693,0.15384615384615385
796343,2023,15,11,1,3,0,0.7333333333333333,0.06666666666666667,0.2
796343,2024,14,10,1,3,0,0.7142857142857143,0.07142857142857142,0.21428571428571427
796343,2025,8,2,2,4,0,0.25,0.25,0.5
797468,2024,2,0,0,2,0,0.0,0.0,1.0
797468,2025,2,0,0,2,0,0.0,0.0,1.0
798354,2020,1,1,0,0,0,1.0,0.0,0.0
798354,2023,3,1,0,1,1,0.3333333333333333,0.0,0.3333333333333333
798354,2024,4,1,0,3,0,0.25,0.0,0.75
798354,2025,16,5,3,7,1,0.3125,0.1875,0.4375
804328,2019,4,1,0,0,0,0.25,0.0,0.0
804328,2020,7,2,0,1,0,0.2857142857142857,0.0,0.14285714285714285
804328,2021,4,2,0,1,0,0.5,0.0,0.25
804328,2022,7,4,0,1,0,0.5714285714285714,0.0,0.14285714285714285
804328,2023,7,3,0,2,0,0.42857142857142855,0.0,0.2857142857142857
804328,2024,10,3,1,2,0,0.3,0.1,0.2
804328,2025,6,3,0,2,0,0.5,0.0,0.3333333333333333
811156,2024,1,0,0,1,0,0.0,0.0,1.0
811156,2025,3,0,0,3,0,0.0,0.0,1.0
813672,2018,5,2,0,0,0,0.4,0.0,0.0
813672,2019,4,2,0,0,0,0.5,0.0,0.0
813672,2020,5,3,0,0,0,0.6,0.0,0.0
813672,2021,4,3,0,0,0,0.75,0.0,0.0
813672,2022,4,3,0,0,0,0.75,0.0,0.0
813672,2023,6,2,0,1,0,0.3333333333333333,0.0,0.16666666666666666
813672,2024,8,2,0,2,2,0.25,0.0,0.25
813672,2025,10,3,0,3,3,0.3,0.0,0.3
814547,2019,8,8,0,0,0,1.0,0.0,0.0
814547,2020,11,11,0,0,0,1.0,0.0,0.0
814547,2021,5,5,0,0,0,1.0,0.0,0.0
814547,2022,8,5,0,1,2,0.625,0.0,0.125
814547,2023,11,5,0,3,3,0.45454545454545453,0.0,0.2727272727272727
814547,2024,12,5,0,3,4,0.4166666666666667,0.0,0.25
814547,2025,10,7,0,1,2,0.7,0.0,0.1
815097,2024,1,0,0,1,0,0.0,0.0,1.0
815097,2025,1,0,0,1,0,0.0,0.0,1.0
815556,2024,1,0,0,1,0,0.0,0.0,1.0
815556,2025,2,2,0,0,0,1.0,0.0,0.0
820027,2023,5,0,0,1,4,0.0,0.0,0.2
820027,2024,3,0,0,1,2,0.0,0.0,0.3333333333333333
820027,2025,1,0,0,0,1,0.0,0.0,0.0
820313,2023,10,0,0,3,0,0.0,0.0,0.3
820313,2024,20,0,0,3,0,0.0,0.0,0.15
820313,2025,7,0,0,3,0,0.0,0.0,0.42857142857142855
820318,2023,3,0,0,0,0,0.0,0.0,0.0
820318,2024,5,0,0,1,1,0.0,0.0,0.2
820318,2025,6,0,0,3,0,0.0,0.0,0.5
821189,2024,1,0,0,1,0,0.0,0.0,1.0
821189,2025,1,0,0,1,0,0.0,0.0,1.0
822416,2023,1,0,0,1,0,0.0,0.0,1.0
822416,2024,4,0,0,4,0,0.0,0.0,1.0
822416,2025,4,0,0,4,0,0.0,0.0,1.0
823768,2022,3,0,0,3,0,0.0,0.0,1.0
823768,2023,3,0,0,3,0,0.0,0.0,1.0
823768,2024,13,0,0,9,4,0.0,0.0,0.6923076923076923
823768,2025,17,0,0,11,6,0.0,0.0,0.6470588235294118
827052,2023,3,0,0,3,0,0.0,0.0,1.0
827052,2024,1,0,0,1,0,0.0,0.0,1.0
827052,2025,1,0,0,1,0,0.0,0.0,1.0
827054,2020,1,0,0,0,0,0.0,0.0,0.0
827054,2021,1,0,0,0,0,0.0,0.0,0.0
827054,2025,7,0,0,6,0,0.0,0.0,0.8571428571428571
829224,2023,2,0,0,2,0,0.0,0.0,1.0
829224,2024,4,0,0,4,0,0.0,0.0,1.0
829224,2025,6,0,0,4,2,0.0,0.0,0.6666666666666666
831001,2020,4,1,0,0,0,0.25,0.0,0.0
831001,2023,6,0,0,6,0,0.0,0.0,1.0
831001,2024,6,0,0,6,0,0.0,0.0,1.0
831001,2025,10,1,0,5,0,0.1,0.0,0.5
831259,2019,5,4,1,0,0,0.8,0.2,0.0
831259,2020,1,1,0,0,0,1.0,0.0,0.0
831259,2023,1,0,0,1,0,0.0,0.0,1.0
831259,2024,4,0,0,2,0,0.0,0.0,0.5
831259,2025,3,0,0,2,0,0.0,0.0,0.6666666666666666
832101,2023,2,0,0,2,0,0.0,0.0,1.0
832101,2024,4,0,0,4,0,0.0,0.0,1.0
832101,2025,4,0,0,4,0,0.0,0.0,1.0
833444,2023,4,1,0,3,0,0.25,0.0,0.75
833444,2024,6,1,0,5,0,0.16666666666666666,0.0,0.8333333333333334
833444,2025,6,1,0,5,0,0.16666666666666666,0.0,0.8333333333333334
849395,2023,2,1,0,0,0,0.5,0.0,0.0
849395,2024,3,1,0,0,0,0.3333333333333333,0.0,0.0
849395,2025,1,1,0,0,0,1.0,0.0,0.0
849399,2018,4,4,0,0,0,1.0,0.0,0.0
849399,2022,2,0,0,2,0,0.0,0.0,1.0
849399,2023,5,0,0,5,0,0.0,0.0,1.0
849399,2024,8,0,0,7,1,0.0,0.0,0.875
849399,2025,9,0,1,6,2,0.0,0.1111111111111111,0.6666666666666666
857005,2019,3,2,0,0,0,0.6666666666666666,0.0,0.0
857005,2020,2,2,0,0,0,1.0,0.0,0.0
857005,2021,1,1,0,0,0,1.0,0.0,0.0
857005,2024,2,2,0,0,0,1.0,0.0,0.0
857005,2025,4,0,0,4,0,0.0,0.0,1.0
858877,2019,2,2,0,0,0,1.0,0.0,0.0
858877,2020,3,2,1,0,0,0.6666666666666666,0.3333333333333333,0.0
858877,2021,2,2,0,0,0,1.0,0.0,0.0
858877,2022,3,3,0,0,0,1.0,0.0,0.0
858877,2023,6,3,1,2,0,0.5,0.16666666666666666,0.3333333333333333
858877,2024,6,2,0,3,1,0.3333333333333333,0.0,0.5
858877,2025,3,2,0,1,0,0.6666666666666666,0.0,0.3333333333333333
860730,2022,1,0,0,0,1,0.0,0.0,0.0
860730,2023,7,1,0,3,3,0.14285714285714285,0.0,0.42857142857142855
860730,2024,4,0,0,3,1,0.0,0.0,0.75
860730,2025,6,0,4,0,2,0.0,0.6666666666666666,0.0
860731,2023,4,4,0,0,0,1.0,0.0,0.0
860731,2024,12,4,0,7,1,0.3333333333333333,0.0,0.5833333333333334
860731,2025,14,0,1,12,1,0.0,0.07142857142857142,0.8571428571428571
864749,2018,1,0,0,0,0,0.0,0.0,0.0
864749,2020,1,0,0,0,0,0.0,0.0,0.0
864749,2021,1,0,0,0,0,0.0,0.0,0.0
864749,2022,2,1,0,0,0,0.5,0.0,0.0
864749,2023,2,1,0,0,0,0.5,0.0,0.0
864749,2024,6,4,0,1,0,0.6666666666666666,0.0,0.16666666666666666
864749,2025,9,1,2,4,0,0.1111111111111111,0.2222222222222222,0.4444444444444444
865752,2025,5,0,0,4,1,0.0,0.0,0.8
866374,2018,1,1,0,0,0,1.0,0.0,0.0
866374,2021,3,2,1,0,0,0.6666666666666666,0.3333333333333333,0.0
866374,2022,3,2,1,0,0,0.6666666666666666,0.3333333333333333,0.0
866374,2023,4,0,1,3,0,0.0,0.25,0.75
866374,2024,6,0,1,5,0,0.0,0.16666666666666666,0.8333333333333334
866374,2025,5,0,1,4,0,0.0,0.2,0.8
866787,2024,6,0,0,6,0,0.0,0.0,1.0
866787,2025,7,0,0,7,0,0.0,0.0,1.0
872589,2023,4,0,0,4,0,0.0,0.0,1.0
872589,2024,4,0,0,4,0,0.0,0.0,1.0
872589,2025,2,0,0,2,0,0.0,0.0,1.0
874716,2018,1,1,0,0,0,1.0,0.0,0.0
874716,2019,2,2,0,0,0,1.0,0.0,0.0
874716,2023,10,4,1,3,1,0.4,0.1,0.3
874716,2024,11,4,1,3,2,0.36363636363636365,0.09090909090909091,0.2727272727272727
874716,2025,9,2,1,3,2,0.2222222222222222,0.1111111111111111,0.3333333333333333
874761,2022,2,2,0,0,0,1.0,0.0,0.0
874761,2023,7,2,0,0,0,0.2857142857142857,0.0,0.0
874761,2024,7,1,0,0,0,0.14285714285714285,0.0,0.0
874761,2025,6,1,0,0,0,0.16666666666666666,0.0,0.0
874766,2021,4,0,4,0,0,0.0,1.0,0.0
874766,2022,4,0,4,0,0,0.0,1.0,0.0
874766,2023,18,2,8,5,3,0.1111111111111111,0.4444444444444444,0.2777777777777778
874766,2024,21,2,6,9,4,0.09523809523809523,0.2857142857142857,0.42857142857142855
874766,2025,30,5,4,14,5,0.16666666666666666,0.13333333333333333,0.4666666666666667
875045,2021,2,0,2,0,0,0.0,1.0,0.0
875045,2023,3,0,0,2,0,0.0,0.0,0.6666666666666666
875045,2024,2,0,0,1,0,0.0,0.0,0.5
875045,2025,2,0,0,1,0,0.0,0.0,0.5
875320,2023,2,0,0,2,0,0.0,0.0,1.0
875320,2024,2,0,0,2,0,0.0,0.0,1.0
875320,2025,9,0,0,8,1,0.0,0.0,0.8888888888888888
877212,2019,8,4,0,0,0,0.5,0.0,0.0
877212,2020,9,7,0,0,0,0.7777777777777778,0.0,0.0
877212,2021,9,6,0,0,0,0.6666666666666666,0.0,0.0
877212,2022,4,1,0,0,0,0.25,0.0,0.0
877212,2023,7,1,1,1,1,0.14285714285714285,0.14285714285714285,0.14285714285714285
877212,2024,8,2,1,1,2,0.25,0.125,0.125
877212,2025,9,2,1,2,2,0.2222222222222222,0.1111111111111111,0.2222222222222222
878927,2023,2,0,0,2,0,0.0,0.0,1.0
878927,2024,1,0,0,1,0,0.0,0.0,1.0
878927,2025,3,2,0,1,0,0.6666666666666666,0.0,0.3333333333333333
879101,2023,3,0,0,3,0,0.0,0.0,1.0
879101,2024,6,0,0,6,0,0.0,0.0,1.0
879101,2025,5,0,0,4,1,0.0,0.0,0.8
879169,2023,2,0,0,2,0,0.0,0.0,1.0
879169,2024,3,0,0,3,0,0.0,0.0,1.0
879169,2025,5,0,0,5,0,0.0,0.0,1.0
882095,2024,2,0,0,2,0,0.0,0.0,1.0
882095,2025,4,0,1,1,2,0.0,0.25,0.25
882184,2023,1,0,0,1,0,0.0,0.0,1.0
882184,2024,2,0,0,2,0,0.0,0.0,1.0
882184,2025,3,0,0,2,1,0.0,0.0,0.6666666666666666
882835,2023,2,0,0,2,0,0.0,0.0,1.0
882835,2024,2,0,0,2,0,0.0,0.0,1.0
882835,2025,3,0,0,3,0,0.0,0.0,1.0
883241,2019,1,0,0,0,0,0.0,0.0,0.0
883241,2020,5,2,0,1,0,0.4,0.0,0.2
883241,2021,5,2,0,1,0,0.4,0.0,0.2
883241,2022,6,2,0,1,0,0.3333333333333333,0.0,0.16666666666666666
883241,2023,7,3,0,1,0,0.42857142857142855,0.0,0.14285714285714285
883241,2024,9,3,0,2,0,0.3333333333333333,0.0,0.2222222222222222
883241,2025,10,4,0,2,0,0.4,0.0,0.2
884887,2019,4,4,0,0,0,1.0,0.0,0.0
884887,2020,3,3,0,0,0,1.0,0.0,0.0
884887,2021,1,1,0,0,0,1.0,0.0,0.0
884887,2022,1,1,0,0,0,1.0,0.0,0.0
884887,2023,2,1,0,1,0,0.5,0.0,0.5
884887,2024,2,1,0,1,0,0.5,0.0,0.5
884887,2025,5,1,0,4,0,0.2,0.0,0.8
885725,2023,1,0,0,1,0,0.0,0.0,1.0
885725,2024,1,0,0,1,0,0.0,0.0,1.0
885725,2025,2,0,0,2,0,0.0,0.0,1.0
886982,2023,10,0,0,6,3,0.0,0.0,0.6
886982,2024,14,0,0,3,11,0.0,0.0,0.21428571428571427
886982,2025,15,0,0,4,11,0.0,0.0,0.26666666666666666
895126,2025,1,0,0,1,0,0.0,0.0,1.0
895421,2023,12,0,0,12,0,0.0,0.0,1.0
895421,2024,10,0,0,10,0,0.0,0.0,1.0
895421,2025,22,0,0,21,0,0.0,0.0,0.9545454545454546
896159,2023,6,0,0,3,2,0.0,0.0,0.5
896159,2024,6,1,0,2,3,0.16666666666666666,0.0,0.3333333333333333
896159,2025,6,1,0,2,3,0.16666666666666666,0.0,0.3333333333333333
896878,2019,5,4,0,0,0,0.8,0.0,0.0
896878,2020,3,0,1,0,0,0.0,0.3333333333333333,0.0
896878,2021,6,3,1,0,0,0.5,0.16666666666666666,0.0
896878,2022,9,3,2,2,0,0.3333333333333333,0.2222222222222222,0.2222222222222222
896878,2023,11,3,1,5,0,0.2727272727272727,0.09090909090909091,0.45454545454545453
896878,2024,12,2,2,4,2,0.16666666666666666,0.16666666666666666,0.3333333333333333
896878,2025,6,2,2,1,1,0.3333333333333333,0.3333333333333333,0.16666666666666666
898173,2025,4,0,0,4,0,0.0,0.0,1.0
898293,2024,5,0,0,1,1,0.0,0.0,0.2
898293,2025,6,0,0,2,1,0.0,0.0,0.3333333333333333
899051,2022,3,0,0,3,0,0.0,0.0,1.0
899051,2023,5,0,1,3,0,0.0,0.2,0.6
899051,2024,13,2,0,10,1,0.15384615384615385,0.0,0.7692307692307693
899051,2025,14,0,1,12,0,0.0,0.07142857142857142,0.8571428571428571
900075,2019,1,1,0,0,0,1.0,0.0,0.0
900075,2020,1,1,0,0,0,1.0,0.0,0.0
900075,2021,1,1,0,0,0,1.0,0.0,0.0
900075,2022,1,1,0,0,0,1.0,0.0,0.0
900075,2023,1,1,0,0,0,1.0,0.0,0.0
900075,2024,3,1,0,1,1,0.3333333333333333,0.0,0.3333333333333333
900075,2025,4,2,0,1,1,0.5,0.0,0.25
906107,2023,2,0,0,2,0,0.0,0.0,1.0
906107,2024,2,0,0,2,0,0.0,0.0,1.0
906107,2025,6,2,0,4,0,0.3333333333333333,0.0,0.6666666666666666
906163,2025,1,0,0,1,0,0.0,0.0,1.0
906345,2023,1,0,0,1,0,0.0,0.0,1.0
906345,2024,1,0,0,1,0,0.0,0.0,1.0
906345,2025,1,0,0,1,0,0.0,0.0,1.0
909832,2024,2,0,0,1,1,0.0,0.0,0.5
909832,2025,2,0,0,1,1,0.0,0.0,0.5
910521,2023,4,0,0,4,0,0.0,0.0,1.0
910521,2024,7,0,0,7,0,0.0,0.0,1.0
910521,2025,7,1,0,5,0,0.14285714285714285,0.0,0.7142857142857143
910606,2023,2,0,0,2,0,0.0,0.0,1.0
910606,2024,3,0,0,3,0,0.0,0.0,1.0
910606,2025,4,0,0,4,0,0.0,0.0,1.0
912595,2024,2,0,0,2,0,0.0,0.0,1.0
912595,2025,3,0,0,3,0,0.0,0.0,1.0
914208,2023,1,0,0,1,0,0.0,0.0,1.0
914208,2024,3,0,0,2,0,0.0,0.0,0.6666666666666666
914208,2025,4,0,0,3,0,0.0,0.0,0.75
915912,2023,1,1,0,0,0,1.0,0.0,0.0
915912,2024,4,3,0,1,0,0.75,0.0,0.25
915912,2025,4,1,0,3,0,0.25,0.0,0.75
915913,2025,2,0,0,1,1,0.0,0.0,0.5
916076,2024,2,0,0,1,0,0.0,0.0,0.5
916076,2025,2,0,0,2,0,0.0,0.0,1.0
916365,2018,1,0,1,0,0,0.0,1.0,0.0
916365,2019,1,0,1,0,0,0.0,1.0,0.0
916365,2020,2,0,2,0,0,0.0,1.0,0.0
916365,2021,2,0,2,0,0,0.0,1.0,0.0
916365,2022,2,0,2,0,0,0.0,1.0,0.0
916365,2023,5,2,0,1,1,0.4,0.0,0.2
916365,2024,5,2,0,1,1,0.4,0.0,0.2
916365,2025,7,3,1,2,0,0.42857142857142855,0.14285714285714285,0.2857142857142857
920148,2018,1,1,0,0,0,1.0,0.0,0.0
920148,2019,2,2,0,0,0,1.0,0.0,0.0
920148,2020,3,2,1,0,0,0.6666666666666666,0.3333333333333333,0.0
920148,2021,2,1,1,0,0,0.5,0.5,0.0
920148,2022,1,0,1,0,0,0.0,1.0,0.0
920148,2023,6,1,0,4,1,0.16666666666666666,0.0,0.6666666666666666
920148,2024,7,1,0,5,1,0.14285714285714285,0.0,0.7142857142857143
920148,2025,6,1,0,4,0,0.16666666666666666,0.0,0.6666666666666666
920522,2024,6,0,0,6,0,0.0,0.0,1.0
920522,2025,9,0,0,8,1,0.0,0.0,0.8888888888888888
920760,2024,1,0,0,1,0,0.0,0.0,1.0
920760,2025,2,0,0,2,0,0.0,0.0,1.0
922224,2024,5,1,0,2,0,0.2,0.0,0.4
922224,2025,8,1,0,5,0,0.125,0.0,0.625
922621,2023,4,0,1,2,1,0.0,0.25,0.5
922621,2024,5,0,1,4,0,0.0,0.2,0.8
922621,2025,5,0,1,3,1,0.0,0.2,0.6
927066,2019,2,0,0,2,0,0.0,0.0,1.0
927066,2020,2,0,0,2,0,0.0,0.0,1.0
927066,2021,1,0,0,1,0,0.0,0.0,1.0
927066,2022,2,0,0,2,0,0.0,0.0,1.0
927066,2023,2,0,0,2,0,0.0,0.0,1.0
927066,2024,9,0,0,6,3,0.0,0.0,0.6666666666666666
927066,2025,9,0,1,5,3,0.0,0.1111111111111111,0.5555555555555556
927628,2018,1,0,0,1,0,0.0,0.0,1.0
927628,2019,2,0,0,2,0,0.0,0.0,1.0
927628,2020,2,0,0,2,0,0.0,0.0,1.0
927628,2021,2,0,0,2,0,0.0,0.0,1.0
927628,2022,2,0,0,2,0,0.0,0.0,1.0
927628,2023,3,0,0,3,0,0.0,0.0,1.0
927628,2024,4,0,0,4,0,0.0,0.0,1.0
927628,2025,3,0,1,2,0,0.0,0.3333333333333333,0.6666666666666666
927653,2023,2,0,1,1,0,0.0,0.5,0.5
927653,2024,5,0,1,4,0,0.0,0.2,0.8
927653,2025,3,0,1,2,0,0.0,0.3333333333333333,0.6666666666666666
935703,2023,1,0,0,1,0,0.0,0.0,1.0
935703,2024,1,0,0,1,0,0.0,0.0,1.0
935703,2025,8,0,0,6,2,0.0,0.0,0.75
936340,2025,2,0,0,2,0,0.0,0.0,1.0
936395,2019,1,0,0,0,0,0.0,0.0,0.0
936395,2020,1,0,0,0,0,0.0,0.0,0.0
936395,2021,1,0,0,0,0,0.0,0.0,0.0
936395,2022,1,0,0,0,0,0.0,0.0,0.0
936395,2023,5,0,0,4,0,0.0,0.0,0.8
936395,2024,4,0,0,1,0,0.0,0.0,0.25
936395,2025,5,0,0,1,0,0.0,0.0,0.2
936468,2020,1,0,0,0,0,0.0,0.0,0.0
936468,2021,1,0,0,1,0,0.0,0.0,1.0
936468,2022,1,0,0,0,0,0.0,0.0,0.0
936468,2023,3,0,0,2,0,0.0,0.0,0.6666666666666666
936468,2024,5,0,2,2,0,0.0,0.4,0.4
936468,2025,5,0,1,3,0,0.0,0.2,0.6
940944,2024,1,0,0,1,0,0.0,0.0,1.0
940944,2025,1,0,0,1,0,0.0,0.0,1.0
940944,2026,2,0,0,2,0,0.0,0.0,1.0
943452,2020,1,0,0,0,0,0.0,0.0,0.0
943452,2021,3,0,0,0,0,0.0,0.0,0.0
943452,2022,2,2,0,0,0,1.0,0.0,0.0
943452,2023,2,2,0,0,0,1.0,0.0,0.0
943452,2024,2,2,0,0,0,1.0,0.0,0.0
943452,2025,3,2,0,1,0,0.6666666666666666,0.0,0.3333333333333333
943819,2022,3,0,0,2,1,0.0,0.0,0.6666666666666666
943819,2023,3,0,0,2,1,0.0,0.0,0.6666666666666666
943819,2024,6,0,0,4,2,0.0,0.0,0.6666666666666666
943819,2025,6,0,0,3,3,0.0,0.0,0.5
946581,2023,3,0,0,3,0,0.0,0.0,1.0
946581,2024,5,0,0,4,1,0.0,0.0,0.8
946581,2025,9,0,2,5,2,0.0,0.2222222222222222,0.5555555555555556
947484,2023,17,0,0,4,13,0.0,0.0,0.23529411764705882
947484,2024,27,3,0,3,21,0.1111111111111111,0.0,0.1111111111111111
947484,2025,40,5,0,5,30,0.125,0.0,0.125
1000228,2024,8,0,0,7,0,0.0,0.0,0.875
1000228,2025,13,1,0,8,2,0.07692307692307693,0.0,0.6153846153846154
1000697,2024,6,0,0,6,0,0.0,0.0,1.0
1000697,2025,6,0,0,6,0,0.0,0.0,1.0
1001250,2024,1,0,1,0,0,0.0,1.0,0.0
1001250,2025,2,1,0,1,0,0.5,0.0,0.5
1002047,2018,6,2,0,1,0,0.3333333333333333,0.0,0.16666666666666666
1002047,2019,1,0,0,1,0,0.0,0.0,1.0
1002047,2020,6,3,0,1,0,0.5,0.0,0.16666666666666666
1002047,2021,6,4,0,1,0,0.6666666666666666,0.0,0.16666666666666666
1002047,2022,6,4,0,1,0,0.6666666666666666,0.0,0.16666666666666666
1002047,2023,12,6,0,5,1,0.5,0.0,0.4166666666666667
1002047,2024,12,0,0,10,0,0.0,0.0,0.8333333333333334
1002047,2025,21,4,1,9,0,0.19047619047619047,0.047619047619047616,0.42857142857142855
1002910,2023,3,0,0,3,0,0.0,0.0,1.0
1002910,2024,5,0,0,5,0,0.0,0.0,1.0
1002910,2025,8,0,0,8,0,0.0,0.0,1.0
1004980,2024,1,0,0,1,0,0.0,0.0,1.0
1004980,2025,2,0,0,2,0,0.0,0.0,1.0
1013237,2021,3,3,0,0,0,1.0,0.0,0.0
1013237,2022,2,2,0,0,0,1.0,0.0,0.0
1013237,2023,6,2,2,2,0,0.3333333333333333,0.3333333333333333,0.3333333333333333
1013237,2024,4,2,0,2,0,0.5,0.0,0.5
1013237,2025,7,2,1,3,0,0.2857142857142857,0.14285714285714285,0.42857142857142855
1013871,2023,3,2,0,1,0,0.6666666666666666,0.0,0.3333333333333333
1013871,2024,3,1,0,1,0,0.3333333333333333,0.0,0.3333333333333333
1013871,2025,3,1,0,1,0,0.3333333333333333,0.0,0.3333333333333333
1014473,2023,1,0,0,1,0,0.0,0.0,1.0
1014473,2024,2,0,0,2,0,0.0,0.0,1.0
1014473,2025,1,0,0,1,0,0.0,0.0,1.0
1018724,2018,1,0,0,1,0,0.0,0.0,1.0
1018724,2019,3,0,2,0,1,0.0,0.6666666666666666,0.0
1018724,2020,5,2,1,0,1,0.4,0.2,0.0
1018724,2021,6,2,1,1,1,0.3333333333333333,0.16666666666666666,0.16666666666666666
1018724,2022,5,1,2,0,1,0.2,0.4,0.0
1018724,2023,12,1,2,7,1,0.08333333333333333,0.16666666666666666,0.5833333333333334
1018724,2024,17,1,2,11,1,0.058823529411764705,0.11764705882352941,0.6470588235294118
1018724,2025,26,0,4,19,0,0.0,0.15384615384615385,0.7307692307692307
1020569,2019,2,0,2,0,0,0.0,1.0,0.0
1020569,2020,4,4,0,0,0,1.0,0.0,0.0
1020569,2021,4,3,0,0,0,0.75,0.0,0.0
1020569,2022,4,3,0,0,0,0.75,0.0,0.0
1020569,2023,7,4,0,3,0,0.5714285714285714,0.0,0.42857142857142855
1020569,2024,8,6,0,2,0,0.75,0.0,0.25
1020569,2025,11,6,0,5,0,0.5454545454545454,0.0,0.45454545454545453
1022079,2018,3,0,0,0,0,0.0,0.0,0.0
1022079,2019,6,2,0,1,0,0.3333333333333333,0.0,0.16666666666666666
1022079,2020,5,1,0,1,0,0.2,0.0,0.2
1022079,2021,8,4,0,2,0,0.5,0.0,0.25
1022079,2022,9,3,0,1,0,0.3333333333333333,0.0,0.1111111111111111
1022079,2023,6,5,1,0,0,0.8333333333333334,0.16666666666666666,0.0
1022079,2024,6,5,1,0,0,0.8333333333333334,0.16666666666666666,0.0
1022079,2025,6,6,0,0,0,1.0,0.0,0.0
1024478,2021,3,3,0,0,0,1.0,0.0,0.0
1024478,2022,3,3,0,0,0,1.0,0.0,0.0
1024478,2023,3,2,0,0,0,0.6666666666666666,0.0,0.0
1024478,2024,4,1,0,2,0,0.25,0.0,0.5
1024478,2025,2,1,0,1,0,0.5,0.0,0.5
1031296,2023,1,0,0,1,0,0.0,0.0,1.0
1031296,2024,1,0,0,1,0,0.0,0.0,1.0
1031296,2025,5,1,0,3,1,0.2,0.0,0.6
1032208,2024,2,0,0,2,0,0.0,0.0,1.0
1032208,2025,7,0,1,5,1,0.0,0.14285714285714285,0.7142857142857143
1034054,2024,2,0,0,0,0,0.0,0.0,0.0
1034054,2025,13,0,0,8,0,0.0,0.0,0.6153846153846154
1035002,2023,1,0,0,1,0,0.0,0.0,1.0
1035002,2024,1,0,0,1,0,0.0,0.0,1.0
1035002,2025,1,0,0,1,0,0.0,0.0,1.0
1035267,2023,9,1,0,6,2,0.1111111111111111,0.0,0.6666666666666666
1035267,2024,13,1,0,4,8,0.07692307692307693,0.0,0.3076923076923077
1035267,2025,17,4,0,4,9,0.23529411764705882,0.0,0.23529411764705882
1035443,2023,4,0,0,4,0,0.0,0.0,1.0
1035443,2024,6,0,0,5,0,0.0,0.0,0.8333333333333334
1035443,2025,7,1,0,6,0,0.14285714285714285,0.0,0.8571428571428571
1035983,2025,7,0,0,7,0,0.0,0.0,1.0
1037038,2022,4,1,0,3,0,0.25,0.0,0.75
1037038,2023,6,1,0,5,0,0.16666666666666666,0.0,0.8333333333333334
1037038,2024,7,1,0,6,0,0.14285714285714285,0.0,0.8571428571428571
1037038,2025,10,2,1,5,2,0.2,0.1,0.5
1037540,2024,2,1,0,1,0,0.5,0.0,0.5
1037540,2025,8,1,0,7,0,0.125,0.0,0.875
1037646,2023,3,0,0,1,1,0.0,0.0,0.3333333333333333
1037646,2024,4,0,0,4,0,0.0,0.0,1.0
1037646,2025,4,0,1,3,0,0.0,0.25,0.75
1037868,2025,6,2,0,2,0,0.3333333333333333,0.0,0.3333333333333333
1039684,2025,2,0,0,0,2,0.0,0.0,0.0
1041061,2022,1,0,0,1,0,0.0,0.0,1.0
1041061,2023,4,0,0,3,1,0.0,0.0,0.75
1041061,2024,2,1,0,0,1,0.5,0.0,0.0
1041061,2025,3,1,0,1,1,0.3333333333333333,0.0,0.3333333333333333
1043277,2018,1,1,0,0,0,1.0,0.0,0.0
1043277,2019,1,1,0,0,0,1.0,0.0,0.0
1043277,2020,2,2,0,0,0,1.0,0.0,0.0
1043277,2021,2,2,0,0,0,1.0,0.0,0.0
1043277,2022,2,2,0,0,0,1.0,0.0,0.0
1043277,2023,5,3,0,2,0,0.6,0.0,0.4
1043277,2024,9,6,0,2,0,0.6666666666666666,0.0,0.2222222222222222
1043277,2025,10,8,0,2,0,0.8,0.0,0.2
1045609,2025,2,0,0,2,0,0.0,0.0,1.0
1045810,2018,6,5,0,0,0,0.8333333333333334,0.0,0.0
1045810,2019,8,7,0,0,0,0.875,0.0,0.0
1045810,2020,7,5,0,0,0,0.7142857142857143,0.0,0.0
1045810,2021,6,5,0,0,0,0.8333333333333334,0.0,0.0
1045810,2022,7,6,0,1,0,0.8571428571428571,0.0,0.14285714285714285
1045810,2023,3,2,0,0,1,0.6666666666666666,0.0,0.0
1045810,2024,3,1,0,1,1,0.3333333333333333,0.0,0.3333333333333333
1045810,2025,3,1,0,1,1,0.3333333333333333,0.0,0.3333333333333333
1047862,2023,2,0,0,2,0,0.0,0.0,1.0
1047862,2024,2,0,0,2,0,0.0,0.0,1.0
1047862,2025,2,0,0,2,0,0.0,0.0,1.0
1048286,2024,1,0,0,1,0,0.0,0.0,1.0
1048286,2025,1,0,0,1,0,0.0,0.0,1.0
1048695,2020,2,2,0,0,0,1.0,0.0,0.0
1048695,2021,4,3,0,0,0,0.75,0.0,0.0
1048695,2022,10,10,0,0,0,1.0,0.0,0.0
1048695,2023,8,6,0,2,0,0.75,0.0,0.25
1048695,2024,9,6,0,3,0,0.6666666666666666,0.0,0.3333333333333333
1048695,2025,8,5,0,3,0,0.625,0.0,0.375
1048911,2019,1,1,0,0,0,1.0,0.0,0.0
1048911,2020,1,1,0,0,0,1.0,0.0,0.0
1048911,2021,1,1,0,0,0,1.0,0.0,0.0
1048911,2022,2,2,0,0,0,1.0,0.0,0.0
1048911,2023,7,3,0,4,0,0.42857142857142855,0.0,0.5714285714285714
1048911,2024,18,5,0,10,3,0.2777777777777778,0.0,0.5555555555555556
1048911,2025,20,4,0,13,3,0.2,0.0,0.65
1048911,2026,16,5,0,6,5,0.3125,0.0,0.375
1050915,2024,2,0,0,1,0,0.0,0.0,0.5
1050915,2025,2,0,0,1,0,0.0,0.0,0.5
1051470,2023,3,0,0,2,0,0.0,0.0,0.6666666666666666
1051470,2024,5,0,0,3,0,0.0,0.0,0.6
1051470,2025,6,0,0,3,0,0.0,0.0,0.5
1053507,2023,2,0,0,1,1,0.0,0.0,0.5
1053507,2024,7,0,0,5,1,0.0,0.0,0.7142857142857143
1053507,2025,6,0,0,3,2,0.0,0.0,0.5
1057352,2022,2,0,0,2,0,0.0,0.0,1.0
1057352,2023,5,0,0,5,0,0.0,0.0,1.0
1057352,2024,7,0,0,6,0,0.0,0.0,0.8571428571428571
1057352,2025,3,0,0,1,0,0.0,0.0,0.3333333333333333
1058090,2023,6,0,0,2,4,0.0,0.0,0.3333333333333333
1058090,2024,4,0,0,2,2,0.0,0.0,0.5
1058090,2025,5,0,1,3,1,0.0,0.2,0.6
1058290,2018,6,1,0,0,0,0.16666666666666666,0.0,0.0
1058290,2019,1,0,0,0,0,0.0,0.0,0.0
1058290,2020,3,2,0,0,0,0.6666666666666666,0.0,0.0
1058290,2021,3,2,0,0,0,0.6666666666666666,0.0,0.0
1058290,2022,1,0,0,0,0,0.0,0.0,0.0
1058290,2023,1,0,0,0,0,0.0,0.0,0.0
1058290,2024,1,0,0,0,0,0.0,0.0,0.0
1058290,2025,1,0,0,1,0,0.0,0.0,1.0
1059556,2018,1,0,0,0,0,0.0,0.0,0.0
1059556,2023,5,0,0,2,2,0.0,0.0,0.4
1059556,2024,5,0,0,3,1,0.0,0.0,0.6
1059556,2025,5,0,0,2,1,0.0,0.0,0.4
1060391,2025,4,0,0,4,0,0.0,0.0,1.0
1063761,2024,2,0,0,2,0,0.0,0.0,1.0
1063761,2025,4,0,0,3,1,0.0,0.0,0.75
1065088,2018,2,0,2,0,0,0.0,1.0,0.0
1065088,2019,1,1,0,0,0,1.0,0.0,0.0
1065088,2020,1,1,0,0,0,1.0,0.0,0.0
1065088,2021,1,1,0,0,0,1.0,0.0,0.0
1065088,2022,2,1,0,1,0,0.5,0.0,0.5
1065088,2023,3,1,0,1,1,0.3333333333333333,0.0,0.3333333333333333
1065088,2024,3,1,0,1,1,0.3333333333333333,0.0,0.3333333333333333
1065088,2025,2,1,0,0,1,0.5,0.0,0.0
1065280,2023,1,0,0,1,0,0.0,0.0,1.0
1065280,2024,3,0,0,3,0,0.0,0.0,1.0
1065280,2025,2,0,0,2,0,0.0,0.0,1.0
1067701,2024,1,0,0,1,0,0.0,0.0,1.0
1067701,2025,3,0,0,3,0,0.0,0.0,1.0
1069183,2018,3,3,0,0,0,1.0,0.0,0.0
1069183,2019,6,5,0,1,0,0.8333333333333334,0.0,0.16666666666666666
1069183,2020,6,3,0,3,0,0.5,0.0,0.5
1069183,2021,7,0,2,3,0,0.0,0.2857142857142857,0.42857142857142855
1069183,2022,3,0,0,3,0,0.0,0.0,1.0
1069183,2023,10,0,0,10,0,0.0,0.0,1.0
1069183,2024,4,2,0,2,0,0.5,0.0,0.5
1069183,2025,6,2,0,4,0,0.3333333333333333,0.0,0.6666666666666666
1069202,2024,1,0,0,1,0,0.0,0.0,1.0
1069202,2025,1,0,0,1,0,0.0,0.0,1.0
1070750,2023,1,0,0,1,0,0.0,0.0,1.0
1070750,2024,1,0,0,1,0,0.0,0.0,1.0
1070750,2025,2,0,0,1,0,0.0,0.0,0.5
1071739,2020,5,5,0,0,0,1.0,0.0,0.0
1071739,2021,7,7,0,0,0,1.0,0.0,0.0
1071739,2022,2,2,0,0,0,1.0,0.0,0.0
1071739,2023,1,0,0,0,1,0.0,0.0,0.0
1071739,2024,11,0,0,4,6,0.0,0.0,0.36363636363636365
1071739,2025,13,0,0,6,6,0.0,0.0,0.46153846153846156
1075531,2018,1,0,0,1,0,0.0,0.0,1.0
1075531,2019,3,0,1,2,0,0.0,0.3333333333333333,0.6666666666666666
1075531,2020,3,0,1,2,0,0.0,0.3333333333333333,0.6666666666666666
1075531,2021,2,0,1,1,0,0.0,0.5,0.5
1075531,2022,3,0,0,3,0,0.0,0.0,1.0
1075531,2023,3,0,0,3,0,0.0,0.0,1.0
1075531,2024,4,2,0,2,0,0.5,0.0,0.5
1075531,2025,3,3,0,0,0,1.0,0.0,0.0
1086222,2023,2,0,0,1,1,0.0,0.0,0.5
1086222,2024,6,1,0,4,1,0.16666666666666666,0.0,0.6666666666666666
1086222,2025,4,0,0,3,1,0.0,0.0,0.75
1090012,2019,1,0,0,1,0,0.0,0.0,1.0
1090012,2020,1,0,0,1,0,0.0,0.0,1.0
1090012,2021,1,0,0,1,0,0.0,0.0,1.0
1090012,2022,1,0,0,1,0,0.0,0.0,1.0
1090012,2023,1,0,0,1,0,0.0,0.0,1.0
1090012,2024,1,0,0,1,0,0.0,0.0,1.0
1090012,2025,5,0,0,5,0,0.0,0.0,1.0
1090727,2023,1,0,0,1,0,0.0,0.0,1.0
1090727,2024,2,0,0,2,0,0.0,0.0,1.0
1090727,2025,3,2,0,1,0,0.6666666666666666,0.0,0.3333333333333333
1090872,2019,2,0,0,0,0,0.0,0.0,0.0
1090872,2020,2,0,0,0,0,0.0,0.0,0.0
1090872,2021,2,0,0,0,0,0.0,0.0,0.0
1090872,2022,6,3,0,0,0,0.5,0.0,0.0
1090872,2023,4,0,0,0,0,0.0,0.0,0.0
1090872,2024,5,0,0,3,0,0.0,0.0,0.6
1090872,2025,4,0,0,3,0,0.0,0.0,0.75
1091667,2023,1,0,0,1,0,0.0,0.0,1.0
1091667,2024,1,0,0,1,0,0.0,0.0,1.0
1091667,2025,2,0,0,1,1,0.0,0.0,0.5
1093557,2018,2,0,2,0,0,0.0,1.0,0.0
1093557,2019,2,0,2,0,0,0.0,1.0,0.0
1093557,2020,2,0,2,0,0,0.0,1.0,0.0
1093557,2021,4,0,4,0,0,0.0,1.0,0.0
1093557,2022,4,0,4,0,0,0.0,1.0,0.0
1093557,2023,4,0,4,0,0,0.0,1.0,0.0
1093557,2024,4,0,4,0,0,0.0,1.0,0.0
1093557,2025,5,0,4,1,0,0.0,0.8,0.2
1094285,2023,4,0,0,4,0,0.0,0.0,1.0
1094285,2024,3,0,0,3,0,0.0,0.0,1.0
1094285,2025,2,0,0,2,0,0.0,0.0,1.0
1095073,2024,4,0,0,4,0,0.0,0.0,1.0
1095073,2025,2,0,0,1,1,0.0,0.0,0.5
1097149,2019,1,0,0,0,0,0.0,0.0,0.0
1097149,2021,1,1,0,0,0,1.0,0.0,0.0
1097149,2022,4,2,0,0,2,0.5,0.0,0.0
1097149,2023,9,2,0,4,1,0.2222222222222222,0.0,0.4444444444444444
1097149,2024,5,2,0,2,1,0.4,0.0,0.4
1097149,2025,9,3,0,3,3,0.3333333333333333,0.0,0.3333333333333333
1097864,2018,1,0,0,0,0,0.0,0.0,0.0
1097864,2020,1,0,0,0,0,0.0,0.0,0.0
1097864,2022,1,0,0,1,0,0.0,0.0,1.0
1097864,2023,1,0,0,1,0,0.0,0.0,1.0
1097864,2024,2,0,0,2,0,0.0,0.0,1.0
1097864,2025,2,0,0,2,0,0.0,0.0,1.0
1099219,2023,5,0,0,2,3,0.0,0.0,0.4
1099219,2024,3,0,0,1,2,0.0,0.0,0.3333333333333333
1099219,2025,3,0,0,1,2,0.0,0.0,0.3333333333333333
1099800,2021,4,4,0,0,0,1.0,0.0,0.0
1099800,2024,1,0,0,1,0,0.0,0.0,1.0
1099800,2025,3,0,0,3,0,0.0,0.0,1.0
1100682,2018,1,0,1,0,0,0.0,1.0,0.0
1100682,2019,3,1,1,1,0,0.3333333333333333,0.3333333333333333,0.3333333333333333
1100682,2020,1,1,0,0,0,1.0,0.0,0.0
1100682,2021,5,4,0,0,0,0.8,0.0,0.0
1100682,2022,2,2,0,0,0,1.0,0.0,0.0
1100682,2023,2,2,0,0,0,1.0,0.0,0.0
1100682,2024,4,2,0,2,0,0.5,0.0,0.5
1100682,2025,7,2,0,5,0,0.2857142857142857,0.0,0.7142857142857143
1101239,2018,1,0,0,0,0,0.0,0.0,0.0
1101239,2023,10,0,1,4,1,0.0,0.1,0.4
1101239,2024,8,1,2,3,1,0.125,0.25,0.375
1101239,2025,6,1,0,3,1,0.16666666666666666,0.0,0.5
1103982,2023,3,0,0,3,0,0.0,0.0,1.0
1103982,2024,5,0,0,5,0,0.0,0.0,1.0
1103982,2025,9,0,0,8,1,0.0,0.0,0.8888888888888888
1108524,2018,6,0,3,1,0,0.0,0.5,0.16666666666666666
1108524,2019,5,0,1,2,0,0.0,0.2,0.4
1108524,2020,5,2,0,2,0,0.4,0.0,0.4
1108524,2021,6,2,0,3,0,0.3333333333333333,0.0,0.5
1108524,2022,3,1,0,1,0,0.3333333333333333,0.0,0.3333333333333333
1108524,2023,3,1,0,2,0,0.3333333333333333,0.0,0.6666666666666666
1108524,2024,5,3,0,1,1,0.6,0.0,0.2
1108524,2025,6,3,0,1,1,0.5,0.0,0.16666666666666666
1109357,2023,1,0,0,1,0,0.0,0.0,1.0
1109357,2024,2,0,0,2,0,0.0,0.0,1.0
1109357,2025,2,0,0,2,0,0.0,0.0,1.0
1111711,2025,5,0,0,5,0,0.0,0.0,1.0
1113169,2023,1,0,0,0,0,0.0,0.0,0.0
1113169,2024,1,0,0,1,0,0.0,0.0,1.0
1113169,2025,3,0,0,1,1,0.0,0.0,0.3333333333333333
1116132,2023,4,1,1,2,0,0.25,0.25,0.5
1116132,2024,4,1,1,2,0,0.25,0.25,0.5
1116132,2025,6,2,0,4,0,0.3333333333333333,0.0,0.6666666666666666
1120193,2018,6,1,0,0,0,0.16666666666666666,0.0,0.0
1120193,2019,2,1,0,0,0,0.5,0.0,0.0
1120193,2020,3,1,0,0,0,0.3333333333333333,0.0,0.0
1120193,2022,19,9,2,1,0,0.47368421052631576,0.10526315789473684,0.05263157894736842
1120193,2023,30,9,3,13,0,0.3,0.1,0.43333333333333335
1120193,2024,9,3,0,3,1,0.3333333333333333,0.0,0.3333333333333333
1120193,2025,2,2,0,0,0,1.0,0.0,0.0
1123360,2022,1,0,0,0,1,0.0,0.0,0.0
1123360,2023,3,0,0,1,1,0.0,0.0,0.3333333333333333
1123360,2024,2,0,0,1,1,0.0,0.0,0.5
1123360,2025,6,0,0,4,2,0.0,0.0,0.6666666666666666
1126328,2024,3,0,0,1,2,0.0,0.0,0.3333333333333333
1126328,2025,6,0,0,0,3,0.0,0.0,0.0
1130310,2023,3,0,0,0,2,0.0,0.0,0.0
1130310,2024,2,0,0,1,0,0.0,0.0,0.5
1130310,2025,1,0,0,1,0,0.0,0.0,1.0
1133421,2021,5,1,0,1,0,0.2,0.0,0.2
1133421,2022,5,1,0,1,0,0.2,0.0,0.2
1133421,2023,2,1,0,1,0,0.5,0.0,0.5
1133421,2024,3,1,0,2,0,0.3333333333333333,0.0,0.6666666666666666
1133421,2025,5,0,0,4,0,0.0,0.0,0.8
1136869,2020,2,0,1,0,1,0.0,0.5,0.0
1136869,2021,2,0,1,0,1,0.0,0.5,0.0
1136869,2022,9,6,1,1,1,0.6666666666666666,0.1111111111111111,0.1111111111111111
1136869,2023,15,5,1,4,4,0.3333333333333333,0.06666666666666667,0.26666666666666666
1136869,2024,19,8,1,5,4,0.42105263157894735,0.05263157894736842,0.2631578947368421
1136869,2025,28,11,1,10,4,0.39285714285714285,0.03571428571428571,0.35714285714285715
1136893,2018,1,1,0,0,0,1.0,0.0,0.0
1136893,2019,6,2,3,0,0,0.3333333333333333,0.5,0.0
1136893,2020,3,2,1,0,0,0.6666666666666666,0.3333333333333333,0.0
1136893,2021,3,2,1,0,0,0.6666666666666666,0.3333333333333333,0.0
1136893,2022,4,2,2,0,0,0.5,0.5,0.0
1136893,2023,6,2,1,2,1,0.3333333333333333,0.16666666666666666,0.3333333333333333
1136893,2024,7,2,2,1,2,0.2857142857142857,0.2857142857142857,0.14285714285714285
1136893,2025,6,3,2,0,1,0.5,0.3333333333333333,0.0
1137774,2022,3,0,0,2,1,0.0,0.0,0.6666666666666666
1137774,2023,5,0,0,5,0,0.0,0.0,1.0
1137774,2024,6,0,0,5,1,0.0,0.0,0.8333333333333334
1137774,2025,6,0,0,5,1,0.0,0.0,0.8333333333333334
1137789,2019,7,2,0,0,0,0.2857142857142857,0.0,0.0
1137789,2020,3,2,0,0,0,0.6666666666666666,0.0,0.0
1137789,2021,3,2,0,0,0,0.6666666666666666,0.0,0.0
1137789,2022,3,2,0,0,0,0.6666666666666666,0.0,0.0
1137789,2023,5,2,0,0,0,0.4,0.0,0.0
1137789,2024,5,2,0,0,0,0.4,0.0,0.0
1137789,2025,7,2,0,2,0,0.2857142857142857,0.0,0.2857142857142857
1137789,2026,4,0,0,4,0,0.0,0.0,1.0
1138118,2024,1,0,0,1,0,0.0,0.0,1.0
1138118,2025,1,0,0,1,0,0.0,0.0,1.0
1140536,2020,1,0,0,1,0,0.0,0.0,1.0
1140536,2021,1,0,0,1,0,0.0,0.0,1.0
1140536,2022,1,0,0,1,0,0.0,0.0,1.0
1140536,2023,4,0,0,4,0,0.0,0.0,1.0
1140536,2024,7,0,0,4,3,0.0,0.0,0.5714285714285714
1140536,2025,6,0,0,4,2,0.0,0.0,0.6666666666666666
1140859,2023,1,0,0,1,0,0.0,0.0,1.0
1140859,2024,1,0,0,1,0,0.0,0.0,1.0
1140859,2025,6,0,0,5,1,0.0,0.0,0.8333333333333334
1141391,2018,5,2,0,3,0,0.4,0.0,0.6
1141391,2019,5,1,0,4,0,0.2,0.0,0.8
1141391,2020,7,2,0,5,0,0.2857142857142857,0.0,0.7142857142857143
1141391,2021,14,6,0,5,3,0.42857142857142855,0.0,0.35714285714285715
1141391,2022,11,3,0,4,4,0.2727272727272727,0.0,0.36363636363636365
1141391,2023,8,2,0,2,4,0.25,0.0,0.25
1141391,2024,6,1,0,1,4,0.16666666666666666,0.0,0.16666666666666666
1141391,2025,6,1,0,1,4,0.16666666666666666,0.0,0.16666666666666666
1145197,2023,1,0,0,0,1,0.0,0.0,0.0
1145197,2024,2,0,0,0,2,0.0,0.0,0.0
1145197,2025,3,0,0,0,3,0.0,0.0,0.0
1156039,2023,1,0,0,1,0,0.0,0.0,1.0
1156039,2024,3,0,0,2,1,0.0,0.0,0.6666666666666666
1156039,2025,4,0,0,3,1,0.0,0.0,0.75
1156375,2023,7,0,0,7,0,0.0,0.0,1.0
1156375,2024,10,0,0,9,0,0.0,0.0,0.9
1156375,2025,14,0,0,12,0,0.0,0.0,0.8571428571428571
1163165,2019,2,1,0,0,0,0.5,0.0,0.0
1163165,2020,2,1,0,0,0,0.5,0.0,0.0
1163165,2023,1,0,0,1,0,0.0,0.0,1.0
1163165,2024,1,0,0,1,0,0.0,0.0,1.0
1163165,2025,1,0,0,1,0,0.0,0.0,1.0
1164727,2023,3,0,0,3,0,0.0,0.0,1.0
1164727,2024,2,0,0,2,0,0.0,0.0,1.0
1164727,2025,2,0,0,1,1,0.0,0.0,0.5
1166691,2023,1,0,0,1,0,0.0,0.0,1.0
1166691,2024,1,0,0,0,1,0.0,0.0,0.0
1166691,2025,1,0,0,0,1,0.0,0.0,0.0
1174922,2025,1,0,0,1,0,0.0,0.0,1.0
1175454,2022,1,1,0,0,0,1.0,0.0,0.0
1175454,2023,3,1,0,2,0,0.3333333333333333,0.0,0.6666666666666666
1175454,2024,6,1,0,3,0,0.16666666666666666,0.0,0.5
1175454,2025,7,3,0,2,0,0.42857142857142855,0.0,0.2857142857142857
1176948,2018,1,0,0,1,0,0.0,0.0,1.0
1176948,2019,2,0,0,2,0,0.0,0.0,1.0
1176948,2020,2,0,0,2,0,0.0,0.0,1.0
1176948,2021,2,0,0,2,0,0.0,0.0,1.0
1176948,2022,2,0,0,2,0,0.0,0.0,1.0
1176948,2023,7,0,0,5,2,0.0,0.0,0.7142857142857143
1176948,2024,18,2,0,8,3,0.1111111111111111,0.0,0.4444444444444444
1176948,2025,27,2,0,17,4,0.07407407407407407,0.0,0.6296296296296297
1260221,2024,1,0,0,0,1,0.0,0.0,0.0
1260221,2025,1,0,0,1,0,0.0,0.0,1.0
1262039,2018,1,1,0,0,0,1.0,0.0,0.0
1262039,2019,3,3,0,0,0,1.0,0.0,0.0
1262039,2020,4,4,0,0,0,1.0,0.0,0.0
1262039,2021,7,7,0,0,0,1.0,0.0,0.0
1262039,2022,7,7,0,0,0,1.0,0.0,0.0
1262039,2023,6,2,0,4,0,0.3333333333333333,0.0,0.6666666666666666
1262039,2024,8,6,0,2,0,0.75,0.0,0.25
1262039,2025,4,3,0,1,0,0.75,0.0,0.25
1267238,2023,8,0,2,4,2,0.0,0.25,0.5
1267238,2024,16,1,4,3,8,0.0625,0.25,0.1875
1267238,2025,6,0,2,1,3,0.0,0.3333333333333333,0.16666666666666666
1274494,2023,1,0,0,1,0,0.0,0.0,1.0
1274494,2024,2,0,0,1,0,0.0,0.0,0.5
1274494,2025,2,0,0,1,0,0.0,0.0,0.5
1280452,2024,1,0,0,0,0,0.0,0.0,0.0
1280452,2025,2,0,0,0,1,0.0,0.0,0.0
1281761,2021,1,1,0,0,0,1.0,0.0,0.0
1281761,2022,1,1,0,0,0,1.0,0.0,0.0
1281761,2023,2,1,0,1,0,0.5,0.0,0.5
1281761,2024,1,1,0,0,0,1.0,0.0,0.0
1281761,2025,1,1,0,0,0,1.0,0.0,0.0
1283699,2023,4,0,0,3,0,0.0,0.0,0.75
1283699,2024,4,0,0,1,2,0.0,0.0,0.25
1283699,2025,4,0,0,1,2,0.0,0.0,0.25
1286681,2023,2,0,0,2,0,0.0,0.0,1.0
1286681,2024,1,0,0,1,0,0.0,0.0,1.0
1286681,2025,4,0,0,4,0,0.0,0.0,1.0
1289490,2025,5,1,0,4,0,0.2,0.0,0.8
1297996,2018,1,0,0,0,0,0.0,0.0,0.0
1297996,2019,3,0,0,0,0,0.0,0.0,0.0
1297996,2020,3,0,0,0,0,0.0,0.0,0.0
1297996,2021,3,0,0,0,0,0.0,0.0,0.0
1297996,2022,3,0,0,0,0,0.0,0.0,0.0
1297996,2023,7,0,0,4,0,0.0,0.0,0.5714285714285714
1297996,2024,13,0,0,10,0,0.0,0.0,0.7692307692307693
1297996,2025,13,0,0,9,0,0.0,0.0,0.6923076923076923
1300514,2024,1,0,0,1,0,0.0,0.0,1.0
1300514,2025,1,0,0,1,0,0.0,0.0,1.0
1316835,2025,8,0,0,8,0,0.0,0.0,1.0
1318605,2019,1,1,0,0,0,1.0,0.0,0.0
1318605,2021,3,1,1,1,0,0.3333333333333333,0.3333333333333333,0.3333333333333333
1318605,2022,4,2,1,1,0,0.5,0.25,0.25
1318605,2023,6,2,2,1,0,0.3333333333333333,0.3333333333333333,0.16666666666666666
1318605,2024,8,4,1,2,0,0.5,0.125,0.25
1318605,2025,10,3,4,2,0,0.3,0.4,0.2
1321655,2020,8,1,0,4,1,0.125,0.0,0.5
1321655,2021,6,1,0,4,1,0.16666666666666666,0.0,0.6666666666666666
1321655,2022,5,2,0,3,0,0.4,0.0,0.6
1321655,2023,10,4,0,4,2,0.4,0.0,0.4
1321655,2024,11,3,0,5,3,0.2727272727272727,0.0,0.45454545454545453
1321655,2025,10,2,0,5,3,0.2,0.0,0.5
1324424,2018,2,0,0,2,0,0.0,0.0,1.0
1324424,2019,3,1,0,2,0,0.3333333333333333,0.0,0.6666666666666666
1324424,2020,2,1,0,1,0,0.5,0.0,0.5
1324424,2021,2,1,0,1,0,0.5,0.0,0.5
1324424,2022,2,1,0,1,0,0.5,0.0,0.5
1324424,2023,3,1,0,2,0,0.3333333333333333,0.0,0.6666666666666666
1324424,2024,4,2,0,2,0,0.5,0.0,0.5
1324424,2025,7,3,0,4,0,0.42857142857142855,0.0,0.5714285714285714
1326160,2024,2,0,0,0,0,0.0,0.0,0.0
1326160,2025,1,0,0,0,0,0.0,0.0,0.0
1326801,2018,2,0,2,0,0,0.0,1.0,0.0
1326801,2019,9,3,1,0,0,0.3333333333333333,0.1111111111111111,0.0
1326801,2020,11,2,1,3,1,0.18181818181818182,0.09090909090909091,0.2727272727272727
1326801,2021,14,3,1,2,2,0.21428571428571427,0.07142857142857142,0.14285714285714285
1326801,2022,22,7,4,5,2,0.3181818181818182,0.18181818181818182,0.22727272727272727
1326801,2023,23,6,1,10,2,0.2608695652173913,0.043478260869565216,0.43478260869565216
1326801,2024,26,5,2,11,4,0.19230769230769232,0.07692307692307693,0.4230769230769231
1326801,2025,25,5,1,13,3,0.2,0.04,0.52
1327567,2019,5,5,0,0,0,1.0,0.0,0.0
1327567,2020,22,22,0,0,0,1.0,0.0,0.0
1327567,2021,20,20,0,0,0,1.0,0.0,0.0
1327567,2022,24,23,0,0,0,0.9583333333333334,0.0,0.0
1327567,2023,27,21,0,5,0,0.7777777777777778,0.0,0.18518518518518517
1327567,2024,23,18,0,3,1,0.782608695652174,0.0,0.13043478260869565
1327567,2025,19,14,1,3,1,0.7368421052631579,0.05263157894736842,0.15789473684210525
1327811,2018,2,1,0,1,0,0.5,0.0,0.5
1327811,2019,13,6,1,5,0,0.46153846153846156,0.07692307692307693,0.38461538461538464
1327811,2020,6,1,0,5,0,0.16666666666666666,0.0,0.8333333333333334
1327811,2021,6,0,0,4,1,0.0,0.0,0.6666666666666666
1327811,2022,7,2,0,2,2,0.2857142857142857,0.0,0.2857142857142857
1327811,2023,4,3,0,0,1,0.75,0.0,0.0
1327811,2024,3,2,0,0,1,0.6666666666666666,0.0,0.0
1327811,2025,4,2,0,0,2,0.5,0.0,0.0
1336920,2020,2,2,0,0,0,1.0,0.0,0.0
1336920,2021,2,2,0,0,0,1.0,0.0,0.0
1336920,2022,1,0,0,1,0,0.0,0.0,1.0
1336920,2023,7,2,0,5,0,0.2857142857142857,0.0,0.7142857142857143
1336920,2024,11,4,0,5,1,0.36363636363636365,0.0,0.45454545454545453
1336920,2025,13,7,0,5,1,0.5384615384615384,0.0,0.38461538461538464
1341439,2018,6,4,0,0,0,0.6666666666666666,0.0,0.0
1341439,2019,9,5,0,2,0,0.5555555555555556,0.0,0.2222222222222222
1341439,2020,9,5,0,1,0,0.5555555555555556,0.0,0.1111111111111111
1341439,2021,7,4,0,1,0,0.5714285714285714,0.0,0.14285714285714285
1341439,2022,6,3,0,1,0,0.5,0.0,0.16666666666666666
1341439,2023,9,4,0,2,0,0.4444444444444444,0.0,0.2222222222222222
1341439,2024,12,5,0,2,0,0.4166666666666667,0.0,0.16666666666666666
1341439,2025,21,10,0,6,0,0.47619047619047616,0.0,0.2857142857142857
1373715,2018,1,0,0,1,0,0.0,0.0,1.0
1373715,2019,3,0,0,2,1,0.0,0.0,0.6666666666666666
1373715,2020,13,9,0,1,2,0.6923076923076923,0.0,0.07692307692307693
1373715,2021,5,4,0,0,0,0.8,0.0,0.0
1373715,2022,7,3,0,2,2,0.42857142857142855,0.0,0.2857142857142857
1373715,2023,12,7,0,1,3,0.5833333333333334,0.0,0.08333333333333333
1373715,2024,7,3,0,2,2,0.42857142857142855,0.0,0.2857142857142857
1373715,2025,11,6,0,2,1,0.5454545454545454,0.0,0.18181818181818182
1374310,2023,7,0,3,4,0,0.0,0.42857142857142855,0.5714285714285714
1374310,2024,4,0,3,1,0,0.0,0.75,0.25
1374310,2025,4,1,2,1,0,0.25,0.5,0.25
1375365,2018,2,0,0,0,0,0.0,0.0,0.0
1375365,2019,2,0,0,0,0,0.0,0.0,0.0
1375365,2020,7,0,1,0,0,0.0,0.14285714285714285,0.0
1375365,2021,5,0,1,0,0,0.0,0.2,0.0
1375365,2022,6,0,1,0,0,0.0,0.16666666666666666,0.0
1375365,2023,1,0,0,0,0,0.0,0.0,0.0
1375365,2024,2,1,0,0,1,0.5,0.0,0.0
1375365,2025,1,1,0,0,0,1.0,0.0,0.0
1381197,2023,2,0,0,2,0,0.0,0.0,1.0
1381197,2024,5,0,0,3,2,0.0,0.0,0.6
1381197,2025,2,0,0,0,1,0.0,0.0,0.0
1383312,2019,1,0,0,0,0,0.0,0.0,0.0
1383312,2020,1,0,0,0,0,0.0,0.0,0.0
1383312,2021,1,0,0,0,0,0.0,0.0,0.0
1383312,2022,1,0,0,0,0,0.0,0.0,0.0
1383312,2023,2,0,0,1,0,0.0,0.0,0.5
1383312,2024,4,2,0,2,0,0.5,0.0,0.5
1383312,2025,4,1,0,3,0,0.25,0.0,0.75
1383312,2026,5,2,0,3,0,0.4,0.0,0.6
1385157,2022,3,1,0,0,0,0.3333333333333333,0.0,0.0
1385157,2023,7,0,0,3,0,0.0,0.0,0.42857142857142855
1385157,2024,7,0,0,3,0,0.0,0.0,0.42857142857142855
1385157,2025,18,0,0,5,0,0.0,0.0,0.2777777777777778
1389170,2023,1,0,0,1,0,0.0,0.0,1.0
1389170,2024,1,0,0,1,0,0.0,0.0,1.0
1389170,2025,1,0,0,1,0,0.0,0.0,1.0
1390777,2024,4,0,0,4,0,0.0,0.0,1.0
1390777,2025,7,0,0,6,0,0.0,0.0,0.8571428571428571
1393052,2018,1,1,0,0,0,1.0,0.0,0.0
1393052,2019,10,10,0,0,0,1.0,0.0,0.0
1393052,2020,4,3,0,0,0,0.75,0.0,0.0
1393052,2021,4,3,0,0,0,0.75,0.0,0.0
1393052,2023,3,0,0,2,1,0.0,0.0,0.6666666666666666
1393052,2024,3,0,0,2,1,0.0,0.0,0.6666666666666666
1393052,2025,3,1,0,2,0,0.3333333333333333,0.0,0.6666666666666666
1393311,2023,1,0,0,1,0,0.0,0.0,1.0
1393311,2024,3,0,0,3,0,0.0,0.0,1.0
1393311,2025,5,0,0,4,1,0.0,0.0,0.8
1393818,2018,2,0,0,0,0,0.0,0.0,0.0
1393818,2019,6,0,0,0,0,0.0,0.0,0.0
1393818,2020,2,0,0,0,0,0.0,0.0,0.0
1393818,2021,2,0,0,0,0,0.0,0.0,0.0
1393818,2022,3,0,0,0,0,0.0,0.0,0.0
1393818,2023,6,0,0,3,1,0.0,0.0,0.5
1393818,2024,8,0,0,4,1,0.0,0.0,0.5
1393818,2025,25,0,0,19,1,0.0,0.0,0.76
1396009,2023,3,0,0,3,0,0.0,0.0,1.0
1396009,2024,2,0,0,2,0,0.0,0.0,1.0
1396009,2025,2,0,0,2,0,0.0,0.0,1.0
1397187,2024,2,0,0,2,0,0.0,0.0,1.0
1397187,2025,1,0,0,1,0,0.0,0.0,1.0
1402057,2018,1,0,0,1,0,0.0,0.0,1.0
1402057,2019,1,0,0,1,0,0.0,0.0,1.0
1402057,2020,1,0,0,1,0,0.0,0.0,1.0
1402057,2021,3,0,0,3,0,0.0,0.0,1.0
1402057,2022,2,0,0,2,0,0.0,0.0,1.0
1402057,2023,3,0,0,2,0,0.0,0.0,0.6666666666666666
1402057,2024,13,2,0,4,0,0.15384615384615385,0.0,0.3076923076923077
1402057,2025,5,2,0,2,0,0.4,0.0,0.4
1403161,2019,2,2,0,0,0,1.0,0.0,0.0
1403161,2020,4,3,0,0,0,0.75,0.0,0.0
1403161,2023,2,1,0,0,1,0.5,0.0,0.0
1403161,2024,5,4,0,0,1,0.8,0.0,0.0
1403161,2025,9,7,0,0,2,0.7777777777777778,0.0,0.0
1403568,2018,4,1,0,1,0,0.25,0.0,0.25
1403568,2019,6,1,0,3,0,0.16666666666666666,0.0,0.5
1403568,2020,6,1,0,3,0,0.16666666666666666,0.0,0.5
1403568,2021,6,3,0,3,0,0.5,0.0,0.5
1403568,2022,6,3,0,3,0,0.5,0.0,0.5
1403568,2023,6,3,0,2,0,0.5,0.0,0.3333333333333333
1403568,2024,6,3,0,3,0,0.5,0.0,0.5
1404912,2022,1,0,0,1,0,0.0,0.0,1.0
1404912,2023,12,0,0,8,4,0.0,0.0,0.6666666666666666
1404912,2024,12,0,0,9,3,0.0,0.0,0.75
1404912,2025,29,1,0,22,5,0.034482758620689655,0.0,0.7586206896551724
1408198,2018,3,3,0,0,0,1.0,0.0,0.0
1408198,2019,6,4,2,0,0,0.6666666666666666,0.3333333333333333,0.0
1408198,2020,6,5,1,0,0,0.8333333333333334,0.16666666666666666,0.0
1408198,2021,7,5,1,1,0,0.7142857142857143,0.14285714285714285,0.14285714285714285
1408198,2022,5,4,0,1,0,0.8,0.0,0.2
1408198,2023,5,2,2,1,0,0.4,0.4,0.2
1408198,2024,6,2,1,1,2,0.3333333333333333,0.16666666666666666,0.16666666666666666
1408198,2025,6,2,0,1,3,0.3333333333333333,0.0,0.16666666666666666
1410636,2018,1,0,1,0,0,0.0,1.0,0.0
1410636,2019,1,0,1,0,0,0.0,1.0,0.0
1410636,2020,1,0,1,0,0,0.0,1.0,0.0
1410636,2021,1,0,1,0,0,0.0,1.0,0.0
1413329,2022,2,0,0,1,1,0.0,0.0,0.5
1413329,2023,2,0,0,1,1,0.0,0.0,0.5
1413329,2024,3,0,0,2,1,0.0,0.0,0.6666666666666666
1413329,2025,5,0,0,5,0,0.0,0.0,1.0
1413447,2019,1,0,0,1,0,0.0,0.0,1.0
1413447,2020,2,0,0,1,0,0.0,0.0,0.5
1413447,2021,1,1,0,0,0,1.0,0.0,0.0
1413447,2022,1,1,0,0,0,1.0,0.0,0.0
1413447,2023,5,1,0,2,0,0.2,0.0,0.4
1413447,2024,5,1,0,2,0,0.2,0.0,0.4
1413447,2025,4,1,0,2,0,0.25,0.0,0.5
1415404,2023,6,0,4,2,0,0.0,0.6666666666666666,0.3333333333333333
1415404,2024,6,0,0,6,0,0.0,0.0,1.0
1415404,2025,6,0,1,5,0,0.0,0.16666666666666666,0.8333333333333334
1418135,2021,2,2,0,0,0,1.0,0.0,0.0
1418135,2022,2,2,0,0,0,1.0,0.0,0.0
1418135,2023,1,1,0,0,0,1.0,0.0,0.0
1418135,2024,1,1,0,0,0,1.0,0.0,0.0
1418135,2025,1,1,0,0,0,1.0,0.0,0.0
1437107,2023,1,0,0,1,0,0.0,0.0,1.0
1437107,2024,1,0,0,1,0,0.0,0.0,1.0
1437107,2025,1,0,0,1,0,0.0,0.0,1.0
1442145,2018,3,3,0,0,0,1.0,0.0,0.0
1442145,2019,3,2,0,0,0,0.6666666666666666,0.0,0.0
1442145,2020,4,3,0,0,0,0.75,0.0,0.0
1442145,2021,3,2,0,0,0,0.6666666666666666,0.0,0.0
1442145,2022,3,2,0,0,0,0.6666666666666666,0.0,0.0
1442145,2023,5,4,0,0,0,0.8,0.0,0.0
1442145,2024,5,3,0,0,0,0.6,0.0,0.0
1442145,2025,4,3,0,0,0,0.75,0.0,0.0
1466258,2024,4,2,0,2,0,0.5,0.0,0.5
1466258,2025,4,1,0,1,0,0.25,0.0,0.25
1467373,2019,9,5,0,2,0,0.5555555555555556,0.0,0.2222222222222222
1467373,2020,6,4,0,2,0,0.6666666666666666,0.0,0.3333333333333333
1467373,2021,9,4,0,2,0,0.4444444444444444,0.0,0.2222222222222222
1467373,2022,9,3,0,2,1,0.3333333333333333,0.0,0.2222222222222222
1467373,2023,1,1,0,0,0,1.0,0.0,0.0
1467858,2024,4,0,0,3,0,0.0,0.0,0.75
1467858,2025,6,1,0,3,2,0.16666666666666666,0.0,0.5
1474735,2024,5,0,0,2,0,0.0,0.0,0.4
1474735,2025,7,0,0,2,0,0.0,0.0,0.2857142857142857
1478242,2018,1,1,0,0,0,1.0,0.0,0.0
1478242,2023,2,0,0,2,0,0.0,0.0,1.0
1478242,2024,6,2,0,2,2,0.3333333333333333,0.0,0.3333333333333333
1478242,2025,15,2,0,5,7,0.13333333333333333,0.0,0.3333333333333333
1489393,2024,2,0,0,2,0,0.0,0.0,1.0
1489393,2025,2,0,0,2,0,0.0,0.0,1.0
1501585,2018,2,0,0,0,0,0.0,0.0,0.0
1501585,2019,4,1,1,0,0,0.25,0.25,0.0
1501585,2020,1,0,0,0,0,0.0,0.0,0.0
1501585,2021,4,0,0,1,0,0.0,0.0,0.25
1501585,2022,6,1,0,2,0,0.16666666666666666,0.0,0.3333333333333333
1501585,2023,5,3,0,1,0,0.6,0.0,0.2
1501585,2024,10,4,0,4,1,0.4,0.0,0.4
1501585,2025,7,2,0,2,1,0.2857142857142857,0.0,0.2857142857142857
1506307,2023,3,0,0,3,0,0.0,0.0,1.0
1506307,2024,3,0,0,3,0,0.0,0.0,1.0
1506307,2025,3,0,0,3,0,0.0,0.0,1.0
1510295,2023,1,0,0,1,0,0.0,0.0,1.0
1510295,2024,3,0,0,2,1,0.0,0.0,0.6666666666666666
1510295,2025,3,0,0,2,1,0.0,0.0,0.6666666666666666
1512673,2018,2,2,0,0,0,1.0,0.0,0.0
1512673,2019,3,3,0,0,0,1.0,0.0,0.0
1512673,2020,5,5,0,0,0,1.0,0.0,0.0
1512673,2021,5,5,0,0,0,1.0,0.0,0.0
1512673,2022,3,3,0,0,0,1.0,0.0,0.0
1512673,2023,5,1,3,1,0,0.2,0.6,0.2
1512673,2024,4,1,2,0,0,0.25,0.5,0.0
1512673,2025,9,2,0,6,0,0.2222222222222222,0.0,0.6666666666666666
1513761,2024,3,0,0,3,0,0.0,0.0,1.0
1513761,2025,3,0,0,3,0,0.0,0.0,1.0
1521332,2018,3,3,0,0,0,1.0,0.0,0.0
1521332,2019,3,3,0,0,0,1.0,0.0,0.0
1521332,2020,2,2,0,0,0,1.0,0.0,0.0
1521332,2021,2,0,0,0,0,0.0,0.0,0.0
1521332,2022,2,0,0,0,0,0.0,0.0,0.0
1521332,2023,3,0,0,1,0,0.0,0.0,0.3333333333333333
1521332,2024,2,1,0,1,0,0.5,0.0,0.5
1521332,2025,3,1,0,1,0,0.3333333333333333,0.0,0.3333333333333333
1524472,2023,1,0,0,1,0,0.0,0.0,1.0
1524472,2024,5,0,0,4,0,0.0,0.0,0.8
1524472,2025,5,0,1,2,1,0.0,0.2,0.4
1534701,2024,2,0,0,2,0,0.0,0.0,1.0
1534701,2025,2,0,0,2,0,0.0,0.0,1.0
1535527,2019,9,8,0,1,0,0.8888888888888888,0.0,0.1111111111111111
1535527,2020,8,4,0,1,0,0.5,0.0,0.125
1535527,2021,7,4,0,1,0,0.5714285714285714,0.0,0.14285714285714285
1535527,2022,8,4,0,1,0,0.5,0.0,0.125
1535527,2023,9,5,0,1,0,0.5555555555555556,0.0,0.1111111111111111
1535527,2024,9,5,0,1,0,0.5555555555555556,0.0,0.1111111111111111
1535527,2025,10,5,0,2,0,0.5,0.0,0.2
1539838,2024,1,0,0,1,0,0.0,0.0,1.0
1539838,2025,1,0,0,1,0,0.0,0.0,1.0
1543151,2020,1,0,0,1,0,0.0,0.0,1.0
1543151,2021,1,0,0,1,0,0.0,0.0,1.0
1543151,2022,1,0,0,1,0,0.0,0.0,1.0
1543151,2023,4,0,0,4,0,0.0,0.0,1.0
1543151,2024,4,0,0,4,0,0.0,0.0,1.0
1543151,2025,6,0,0,5,1,0.0,0.0,0.8333333333333334
1551152,2024,2,1,0,1,0,0.5,0.0,0.5
1551152,2025,2,1,0,1,0,0.5,0.0,0.5
1551182,2025,6,0,0,6,0,0.0,0.0,1.0
1555280,2020,2,2,0,0,0,1.0,0.0,0.0
1555280,2021,2,2,0,0,0,1.0,0.0,0.0
1555280,2022,2,2,0,0,0,1.0,0.0,0.0
1555280,2023,2,2,0,0,0,1.0,0.0,0.0
1555280,2024,2,2,0,0,0,1.0,0.0,0.0
1555280,2025,6,2,0,2,2,0.3333333333333333,0.0,0.3333333333333333
1559720,2020,6,2,0,3,1,0.3333333333333333,0.0,0.5
1559720,2021,9,3,1,3,1,0.3333333333333333,0.1111111111111111,0.3333333333333333
1559720,2022,10,3,1,3,2,0.3,0.1,0.3
1559720,2023,13,2,0,8,2,0.15384615384615385,0.0,0.6153846153846154
1559720,2024,15,2,0,8,4,0.13333333333333333,0.0,0.5333333333333333
1559720,2025,17,5,0,6,4,0.29411764705882354,0.0,0.35294117647058826
1561550,2019,5,4,1,0,0,0.8,0.2,0.0
1561550,2020,5,4,1,0,0,0.8,0.2,0.0
1561550,2021,4,4,0,0,0,1.0,0.0,0.0
1561550,2022,4,4,0,0,0,1.0,0.0,0.0
1561550,2023,8,4,0,4,0,0.5,0.0,0.5
1561550,2024,10,4,0,6,0,0.4,0.0,0.6
1561550,2025,12,6,0,6,0,0.5,0.0,0.5
1564708,2023,12,4,0,4,0,0.3333333333333333,0.0,0.3333333333333333
1564708,2024,12,2,0,2,0,0.16666666666666666,0.0,0.16666666666666666
1564708,2025,8,0,0,2,0,0.0,0.0,0.25
1564708,2026,4,0,0,2,0,0.0,0.0,0.5
1571949,2020,6,6,0,0,0,1.0,0.0,0.0
1571949,2021,8,8,0,0,0,1.0,0.0,0.0
1571949,2022,8,8,0,0,0,1.0,0.0,0.0
1571949,2023,3,0,0,2,1,0.0,0.0,0.6666666666666666
1571949,2024,10,0,0,9,1,0.0,0.0,0.9
1571949,2025,19,2,1,11,2,0.10526315789473684,0.05263157894736842,0.5789473684210527
1571996,2018,2,0,2,0,0,0.0,1.0,0.0
1571996,2019,6,4,2,0,0,0.6666666666666666,0.3333333333333333,0.0
1571996,2020,6,4,1,0,0,0.6666666666666666,0.16666666666666666,0.0
1571996,2021,3,2,1,0,0,0.6666666666666666,0.3333333333333333,0.0
1571996,2022,10,2,1,0,1,0.2,0.1,0.0
1571996,2023,9,6,2,0,0,0.6666666666666666,0.2222222222222222,0.0
1571996,2024,10,5,4,0,1,0.5,0.4,0.0
1571996,2025,9,4,4,0,0,0.4444444444444444,0.4444444444444444,0.0
1579241,2021,1,0,1,0,0,0.0,1.0,0.0
1579241,2022,1,0,1,0,0,0.0,1.0,0.0
1579241,2023,2,1,0,1,0,0.5,0.0,0.5
1579241,2024,3,0,1,1,0,0.0,0.3333333333333333,0.3333333333333333
1579241,2025,4,0,1,2,0,0.0,0.25,0.5
1585689,2023,3,0,0,3,0,0.0,0.0,1.0
1585689,2024,3,0,0,3,0,0.0,0.0,1.0
1585689,2025,4,0,0,4,0,0.0,0.0,1.0
1596532,2018,1,1,0,0,0,1.0,0.0,0.0
1596532,2019,1,1,0,0,0,1.0,0.0,0.0
1596532,2020,6,6,0,0,0,1.0,0.0,0.0
1596532,2021,5,5,0,0,0,1.0,0.0,0.0
1596532,2022,3,3,0,0,0,1.0,0.0,0.0
1596532,2023,11,4,0,6,1,0.36363636363636365,0.0,0.5454545454545454
1596532,2024,10,2,0,6,2,0.2,0.0,0.6
1596532,2025,8,1,0,7,0,0.125,0.0,0.875
1601046,2020,8,8,0,0,0,1.0,0.0,0.0
1601046,2021,6,6,0,0,0,1.0,0.0,0.0
1601046,2022,6,4,0,0,0,0.6666666666666666,0.0,0.0
1601046,2023,3,2,0,0,0,0.6666666666666666,0.0,0.0
1601046,2024,3,2,0,0,0,0.6666666666666666,0.0,0.0
1601046,2025,3,1,0,1,0,0.3333333333333333,0.0,0.3333333333333333
1601712,2018,1,1,0,0,0,1.0,0.0,0.0
1601712,2019,1,1,0,0,0,1.0,0.0,0.0
1601712,2020,1,1,0,0,0,1.0,0.0,0.0
1601712,2021,2,2,0,0,0,1.0,0.0,0.0
1601712,2022,2,2,0,0,0,1.0,0.0,0.0
1601712,2023,2,1,0,1,0,0.5,0.0,0.5
1601712,2024,3,1,0,2,0,0.3333333333333333,0.0,0.6666666666666666
1601712,2025,6,1,0,5,0,0.16666666666666666,0.0,0.8333333333333334
1609711,2018,1,0,0,1,0,0.0,0.0,1.0
1609711,2019,1,0,0,1,0,0.0,0.0,1.0
1609711,2020,1,0,0,1,0,0.0,0.0,1.0
1609711,2021,1,0,0,1,0,0.0,0.0,1.0
1609711,2022,1,0,0,1,0,0.0,0.0,1.0
1609711,2023,6,3,0,2,1,0.5,0.0,0.3333333333333333
1609711,2024,3,0,0,2,1,0.0,0.0,0.6666666666666666
1609711,2025,3,0,0,2,1,0.0,0.0,0.6666666666666666
1613103,2019,2,1,0,0,0,0.5,0.0,0.0
1613103,2020,3,0,2,0,0,0.0,0.6666666666666666,0.0
1613103,2021,3,1,1,0,0,0.3333333333333333,0.3333333333333333,0.0
1613103,2022,5,3,1,1,0,0.6,0.2,0.2
1613103,2023,9,3,1,3,2,0.3333333333333333,0.1111111111111111,0.3333333333333333
1613103,2024,8,2,1,2,3,0.25,0.125,0.25
1613103,2025,4,2,0,2,0,0.5,0.0,0.5
1633917,2019,1,0,0,1,0,0.0,0.0,1.0
1633917,2020,2,0,0,2,0,0.0,0.0,1.0
1633917,2021,2,0,0,2,0,0.0,0.0,1.0
1633917,2022,2,0,0,2,0,0.0,0.0,1.0
1633917,2023,3,0,0,3,0,0.0,0.0,1.0
1633917,2024,4,0,0,3,1,0.0,0.0,0.75
1633917,2025,7,2,0,1,4,0.2857142857142857,0.0,0.14285714285714285
1633978,2023,5,0,0,2,0,0.0,0.0,0.4
1633978,2024,7,1,0,2,0,0.14285714285714285,0.0,0.2857142857142857
1633978,2025,3,1,0,1,0,0.3333333333333333,0.0,0.3333333333333333
1637459,2021,2,2,0,0,0,1.0,0.0,0.0
1637459,2022,2,2,0,0,0,1.0,0.0,0.0
1637459,2023,2,0,0,2,0,0.0,0.0,1.0
1637459,2024,2,0,0,2,0,0.0,0.0,1.0
1637459,2025,2,0,0,2,0,0.0,0.0,1.0
1645590,2019,10,8,0,0,0,0.8,0.0,0.0
1645590,2020,8,3,3,1,0,0.375,0.375,0.125
1645590,2021,18,8,5,0,0,0.4444444444444444,0.2777777777777778,0.0
1645590,2022,17,6,4,2,0,0.35294117647058826,0.23529411764705882,0.11764705882352941
1645590,2023,21,9,3,2,0,0.42857142857142855,0.14285714285714285,0.09523809523809523
1645590,2024,17,4,2,7,0,0.23529411764705882,0.11764705882352941,0.4117647058823529
1645590,2025,12,3,0,4,1,0.25,0.0,0.3333333333333333
1652044,2018,10,6,2,2,0,0.6,0.2,0.2
1652044,2019,16,6,6,4,0,0.375,0.375,0.25
1652044,2020,16,4,4,6,0,0.25,0.25,0.375
1652044,2021,12,4,2,4,0,0.3333333333333333,0.16666666666666666,0.3333333333333333
1652044,2022,6,4,2,0,0,0.6666666666666666,0.3333333333333333,0.0
1652044,2023,16,8,4,0,4,0.5,0.25,0.0
1652044,2024,12,4,4,0,4,0.3333333333333333,0.3333333333333333,0.0
1652044,2025,10,6,0,0,4,0.6,0.0,0.0
1659166,2023,6,0,0,5,0,0.0,0.0,0.8333333333333334
1659166,2024,5,0,0,4,0,0.0,0.0,0.8
1659166,2025,5,1,0,3,0,0.2,0.0,0.6
1666700,2025,1,0,0,1,0,0.0,0.0,1.0
1671933,2018,2,2,0,0,0,1.0,0.0,0.0
1671933,2019,4,2,0,2,0,0.5,0.0,0.5
1671933,2020,4,2,0,2,0,0.5,0.0,0.5
1671933,2021,4,2,0,2,0,0.5,0.0,0.5
1671933,2022,2,1,0,1,0,0.5,0.0,0.5
1671933,2023,3,2,0,1,0,0.6666666666666666,0.0,0.3333333333333333
1671933,2024,3,2,0,1,0,0.6666666666666666,0.0,0.3333333333333333
1671933,2025,11,4,5,2,0,0.36363636363636365,0.45454545454545453,0.18181818181818182
1674101,2023,4,2,1,0,0,0.5,0.25,0.0
1674101,2024,6,2,1,0,1,0.3333333333333333,0.16666666666666666,0.0
1674101,2025,10,2,1,6,1,0.2,0.1,0.6
1679788,2021,1,1,0,0,0,1.0,0.0,0.0
1679788,2023,1,0,0,1,0,0.0,0.0,1.0
1679788,2024,2,0,0,2,0,0.0,0.0,1.0
1679788,2025,2,0,0,2,0,0.0,0.0,1.0
1682852,2018,3,2,1,0,0,0.6666666666666666,0.3333333333333333,0.0
1682852,2019,3,2,1,0,0,0.6666666666666666,0.3333333333333333,0.0
1682852,2020,4,1,3,0,0,0.25,0.75,0.0
1682852,2021,5,2,3,0,0,0.4,0.6,0.0
1682852,2022,6,3,3,0,0,0.5,0.5,0.0
1682852,2023,5,5,0,0,0,1.0,0.0,0.0
1682852,2024,6,4,1,1,0,0.6666666666666666,0.16666666666666666,0.16666666666666666
1682852,2025,11,4,3,2,2,0.36363636363636365,0.2727272727272727,0.18181818181818182
1687229,2023,3,0,0,3,0,0.0,0.0,1.0
1687229,2024,1,0,0,1,0,0.0,0.0,1.0
1687229,2025,1,0,0,1,0,0.0,0.0,1.0
1690820,2018,2,2,0,0,0,1.0,0.0,0.0
1690820,2022,2,1,0,1,0,0.5,0.0,0.5
1690820,2023,4,1,0,3,0,0.25,0.0,0.75
1690820,2024,5,3,0,2,0,0.6,0.0,0.4
1690820,2025,5,3,0,1,1,0.6,0.0,0.2
1692819,2023,1,0,0,1,0,0.0,0.0,1.0
1692819,2024,2,0,0,2,0,0.0,0.0,1.0
1692819,2025,1,0,0,1,0,0.0,0.0,1.0
1699150,2023,1,0,0,1,0,0.0,0.0,1.0
1699150,2024,2,0,0,2,0,0.0,0.0,1.0
1699150,2025,2,0,0,2,0,0.0,0.0,1.0
1701605,2019,3,2,0,1,0,0.6666666666666666,0.0,0.3333333333333333
1701605,2020,6,3,1,1,0,0.5,0.16666666666666666,0.16666666666666666
1701605,2021,3,2,1,0,0,0.6666666666666666,0.3333333333333333,0.0
1701605,2022,5,2,3,0,0,0.4,0.6,0.0
1701605,2023,4,2,2,0,0,0.5,0.5,0.0
1701605,2024,5,2,2,1,0,0.4,0.4,0.2
1701605,2025,3,0,0,2,0,0.0,0.0,0.6666666666666666
1705696,2025,1,0,0,1,0,0.0,0.0,1.0
1711269,2024,3,1,0,1,0,0.3333333333333333,0.0,0.3333333333333333
1711269,2025,5,1,0,2,0,0.2,0.0,0.4
1730168,2020,3,0,0,1,0,0.0,0.0,0.3333333333333333
1730168,2021,3,0,0,1,0,0.0,0.0,0.3333333333333333
1730168,2022,6,3,0,1,0,0.5,0.0,0.16666666666666666
1730168,2023,6,3,0,1,0,0.5,0.0,0.16666666666666666
1730168,2024,13,10,0,0,0,0.7692307692307693,0.0,0.0
1730168,2025,11,7,0,0,0,0.6363636363636364,0.0,0.0
1739940,2018,3,3,0,0,0,1.0,0.0,0.0
1739940,2020,2,0,0,0,0,0.0,0.0,0.0
1739940,2021,3,0,0,0,1,0.0,0.0,0.0
1739940,2022,3,0,0,0,1,0.0,0.0,0.0
1739940,2023,5,1,0,3,1,0.2,0.0,0.6
1739940,2024,7,3,0,3,1,0.42857142857142855,0.0,0.42857142857142855
1739940,2025,7,3,0,3,1,0.42857142857142855,0.0,0.42857142857142855
1744489,2023,1,0,0,1,0,0.0,0.0,1.0
1744489,2024,1,0,0,1,0,0.0,0.0,1.0
1744489,2025,1,0,0,1,0,0.0,0.0,1.0
1748790,2024,1,0,0,1,0,0.0,0.0,1.0
1748790,2025,1,0,0,1,0,0.0,0.0,1.0
1751008,2022,1,0,1,0,0,0.0,1.0,0.0
1751008,2023,3,1,0,1,1,0.3333333333333333,0.0,0.3333333333333333
1751008,2024,3,1,0,1,1,0.3333333333333333,0.0,0.3333333333333333
1751008,2025,3,1,0,1,1,0.3333333333333333,0.0,0.3333333333333333
1751788,2022,2,2,0,0,0,1.0,0.0,0.0
1751788,2023,3,2,0,1,0,0.6666666666666666,0.0,0.3333333333333333
1751788,2024,1,0,0,1,0,0.0,0.0,1.0
1751788,2025,3,0,0,1,0,0.0,0.0,0.3333333333333333
1754301,2023,6,0,0,6,0,0.0,0.0,1.0
1754301,2024,4,0,0,0,4,0.0,0.0,0.0
1754301,2025,4,0,0,0,4,0.0,0.0,0.0
1754301,2026,4,0,0,0,4,0.0,0.0,0.0
1755672,2023,2,0,0,2,0,0.0,0.0,1.0
1755672,2024,2,0,0,2,0,0.0,0.0,1.0
1755672,2025,2,0,0,2,0,0.0,0.0,1.0
1757898,2023,2,0,0,2,0,0.0,0.0,1.0
1757898,2024,2,0,0,2,0,0.0,0.0,1.0
1757898,2025,5,0,0,4,1,0.0,0.0,0.8
1781335,2023,1,0,0,0,1,0.0,0.0,0.0
1781335,2024,1,0,0,1,0,0.0,0.0,1.0
1781335,2025,2,0,0,2,0,0.0,0.0,1.0
1783180,2020,1,1,0,0,0,1.0,0.0,0.0
1783180,2021,1,1,0,0,0,1.0,0.0,0.0
1783180,2022,2,2,0,0,0,1.0,0.0,0.0
1783180,2023,1,1,0,0,0,1.0,0.0,0.0
1783879,2021,4,3,0,1,0,0.75,0.0,0.25
1783879,2022,4,3,0,1,0,0.75,0.0,0.25
1783879,2023,6,2,0,4,0,0.3333333333333333,0.0,0.6666666666666666
1783879,2024,7,4,2,1,0,0.5714285714285714,0.2857142857142857,0.14285714285714285
1783879,2025,7,4,0,2,1,0.5714285714285714,0.0,0.2857142857142857
1792044,2023,1,0,0,0,0,0.0,0.0,0.0
1792044,2024,1,0,0,0,0,0.0,0.0,0.0
1792044,2025,2,0,0,0,0,0.0,0.0,0.0
1792789,2020,3,3,0,0,0,1.0,0.0,0.0
1792789,2023,3,0,0,3,0,0.0,0.0,1.0
1792789,2024,3,0,0,3,0,0.0,0.0,1.0
1792789,2025,2,0,0,2,0,0.0,0.0,1.0
1811074,2025,2,0,0,2,0,0.0,0.0,1.0
1835632,2021,2,1,0,0,0,0.5,0.0,0.0
1835632,2022,2,1,0,0,0,0.5,0.0,0.0
1835632,2023,6,1,0,4,0,0.16666666666666666,0.0,0.6666666666666666
1835632,2024,5,1,0,2,0,0.2,0.0,0.4
1835632,2025,5,1,0,2,0,0.2,0.0,0.4
1858681,2023,1,0,0,1,0,0.0,0.0,1.0
1858681,2024,5,0,0,5,0,0.0,0.0,1.0
1858681,2025,5,0,0,5,0,0.0,0.0,1.0
1868275,2023,1,0,0,1,0,0.0,0.0,1.0
1868275,2024,3,0,0,1,0,0.0,0.0,0.3333333333333333
1868275,2025,2,0,0,1,0,0.0,0.0,0.5
1932393,2022,12,1,3,1,0,0.08333333333333333,0.25,0.08333333333333333
1932393,2023,5,1,0,1,0,0.2,0.0,0.2
1932393,2024,6,0,0,1,1,0.0,0.0,0.16666666666666666
1932393,2025,4,1,0,1,1,0.25,0.0,0.25
1944048,2023,1,0,1,0,0,0.0,1.0,0.0
1944048,2024,9,0,1,7,1,0.0,0.1111111111111111,0.7777777777777778
1944048,2025,15,0,1,9,5,0.0,0.06666666666666667,0.6
1964738,2024,2,0,1,1,0,0.0,0.5,0.5
1964738,2025,11,2,0,7,2,0.18181818181818182,0.0,0.6363636363636364
1967680,2025,3,0,0,3,0,0.0,0.0,1.0
1973266,2023,5,0,0,3,0,0.0,0.0,0.6
1973266,2024,2,0,0,2,0,0.0,0.0,1.0
1973266,2025,3,0,0,3,0,0.0,0.0,1.0
1996810,2024,3,0,0,1,2,0.0,0.0,0.3333333333333333
1996810,2025,2,0,0,0,2,0.0,0.0,0.0
1996862,2023,1,0,0,1,0,0.0,0.0,1.0
1996862,2024,1,0,0,1,0,0.0,0.0,1.0
1996862,2025,1,0,0,1,0,0.0,0.0,1.0
2005951,2024,5,0,0,5,0,0.0,0.0,1.0
2005951,2025,27,2,0,20,4,0.07407407407407407,0.0,0.7407407407407407
2011641,2024,3,0,0,3,0,0.0,0.0,1.0
2011641,2025,3,0,0,3,0,0.0,0.0,1.0
2012383,2024,4,0,0,3,0,0.0,0.0,0.75
2012383,2025,4,0,0,3,0,0.0,0.0,0.75
2023554,2025,6,0,0,3,0,0.0,0.0,0.5
2041610,2025,1,0,0,1,0,0.0,0.0,1.0
2058873,2025,10,2,0,2,0,0.2,0.0,0.2
2082247,2026,6,0,0,3,3,0.0,0.0,0.5
